Incident ID,Survey Date,Score,Assigned Group
INC000000400005,15/08/2025 08:45,10,Service Desk L1
INC000000400008,19/08/2025 21:57,10,Service Desk VIP
INC000000400012,26/08/2025 16:58,10,Service Desk Remote
INC000000400043,28/08/2025 00:45,8,Service Desk L1
INC000000400055,29/08/2025 02:55,10,Service Desk L1
INC000000400074,07/08/2025 14:09,10,Service Desk L1
INC000000400079,24/08/2025 09:42,10,Service Desk Remote
INC000000400080,04/08/2025 18:48,10,Service Desk L1
INC000000400094,24/08/2025 12:17,10,Service Desk Remote
INC000000400109,29/08/2025 17:39,10,Service Desk L1
INC000000400137,31/08/2025 14:45,10,Service Desk VIP
INC000000400149,20/08/2025 17:52,10,Service Desk L1
INC000000400169,17/08/2025 09:00,10,Service Desk L1
INC000000400171,05/08/2025 17:35,10,Service Desk VIP
INC000000400184,11/08/2025 02:32,10,Service Desk L1
INC000000400189,07/08/2025 10:48,10,Service Desk L1
INC000000400213,28/08/2025 07:18,10,Service Desk L1
INC000000400235,23/08/2025 17:15,10,Service Desk L1
INC000000400255,21/08/2025 23:49,6,Service Desk VIP
INC000000400258,28/08/2025 11:30,10,Service Desk L1
INC000000400260,31/08/2025 08:11,10,Service Desk VIP
INC000000400262,27/08/2025 22:54,10,Service Desk L1
INC000000400271,12/08/2025 13:11,10,Service Desk VIP
INC000000400274,15/08/2025 23:37,10,Service Desk L1
INC000000400277,15/08/2025 16:53,10,Service Desk L1
INC000000400312,04/08/2025 23:29,10,Service Desk Remote
INC000000400318,28/08/2025 08:12,6,Service Desk VIP
INC000000400331,22/08/2025 23:38,10,Service Desk L1
INC000000400347,15/08/2025 04:26,10,Service Desk VIP
INC000000400394,23/08/2025 02:46,10,Service Desk L1
INC000000400410,17/08/2025 11:48,10,Service Desk VIP
INC000000400420,27/08/2025 02:15,10,Service Desk L1
INC000000400425,16/08/2025 18:58,10,Service Desk Remote
INC000000400430,29/08/2025 00:50,10,Service Desk L1
INC000000400441,27/08/2025 00:39,10,Service Desk L1
INC000000400448,29/08/2025 10:55,10,Service Desk L1
INC000000400451,14/08/2025 11:24,10,Service Desk L1
INC000000400459,04/08/2025 22:42,8,Service Desk L1
INC000000400490,07/08/2025 06:30,10,Service Desk VIP
INC000000400494,01/08/2025 20:21,10,Service Desk Remote
INC000000400511,20/08/2025 16:54,10,Service Desk L1
INC000000400529,08/08/2025 22:15,10,Service Desk L1
INC000000400540,07/08/2025 04:56,10,Service Desk L1
INC000000400544,20/08/2025 04:44,8,Service Desk VIP
INC000000400558,06/08/2025 09:44,10,Service Desk VIP
INC000000400561,06/08/2025 01:41,10,Service Desk L1
INC000000400569,15/08/2025 04:55,10,Service Desk Remote
INC000000400578,06/08/2025 20:13,10,Service Desk L1
INC000000400590,11/08/2025 08:36,10,Service Desk L1
INC000000400613,09/08/2025 14:36,8,Service Desk L1
INC000000400617,08/08/2025 07:03,10,Service Desk L1
INC000000400626,19/08/2025 22:59,10,Service Desk L1
INC000000400637,07/08/2025 08:24,8,Service Desk Remote
INC000000400653,08/08/2025 00:58,10,Service Desk Remote
INC000000400656,05/08/2025 02:35,10,Service Desk Remote
INC000000400699,09/08/2025 11:52,10,Service Desk L1
INC000000400703,10/08/2025 00:18,10,Service Desk L1
INC000000400715,25/08/2025 15:31,8,Service Desk L1
INC000000400716,19/08/2025 15:40,8,Service Desk Remote
INC000000400729,08/08/2025 21:19,10,Service Desk L1
INC000000400739,03/08/2025 01:22,10,Service Desk Remote
INC000000400741,13/08/2025 23:31,10,Service Desk L1
INC000000400745,16/08/2025 02:15,10,Service Desk VIP
INC000000400761,23/08/2025 10:18,10,Service Desk Remote
INC000000400763,09/08/2025 04:10,10,Service Desk L1
INC000000400770,05/08/2025 04:37,10,Service Desk L1
INC000000400771,04/08/2025 21:08,10,Service Desk L1
INC000000400785,27/08/2025 13:41,10,Service Desk VIP
INC000000400827,19/08/2025 16:49,10,Service Desk L1
INC000000400875,26/08/2025 00:21,8,Service Desk VIP
INC000000400877,02/08/2025 02:36,10,Service Desk Remote
INC000000400896,28/08/2025 13:59,10,Service Desk VIP
INC000000400909,22/08/2025 16:03,10,Service Desk VIP
INC000000400928,19/08/2025 18:25,10,Service Desk L1
INC000000400940,07/08/2025 05:25,4,Service Desk L1
INC000000400942,28/08/2025 01:29,10,Service Desk VIP
INC000000400956,08/08/2025 03:45,10,Service Desk L1
INC000000401000,21/08/2025 08:53,8,Service Desk L1
INC000000401027,19/08/2025 12:35,6,Service Desk L1
INC000000401030,02/08/2025 05:04,10,Service Desk L1
INC000000401054,10/08/2025 18:25,10,Service Desk VIP
INC000000401056,20/08/2025 06:52,10,Service Desk L1
INC000000401096,29/08/2025 16:24,10,Service Desk Remote
INC000000401129,28/08/2025 12:56,10,Service Desk L1
INC000000401166,29/08/2025 00:55,10,Service Desk VIP
INC000000401195,17/08/2025 08:30,10,Service Desk L1
INC000000401197,06/08/2025 07:19,10,Service Desk L1
INC000000401227,09/08/2025 09:20,10,Service Desk L1
INC000000401235,25/08/2025 07:47,10,Service Desk L1
INC000000401236,23/08/2025 14:14,10,Service Desk Remote
INC000000401238,25/08/2025 16:13,10,Service Desk L1
INC000000401261,19/08/2025 14:05,10,Service Desk L1
INC000000401282,23/08/2025 05:52,10,Service Desk VIP
INC000000401288,13/08/2025 16:43,10,Service Desk L1
INC000000401292,09/08/2025 09:41,10,Service Desk L1
INC000000401304,21/08/2025 09:27,10,Service Desk L1
INC000000401328,20/08/2025 10:11,10,Service Desk L1
INC000000401331,08/08/2025 02:00,10,Service Desk Remote
INC000000401372,15/08/2025 11:37,10,Service Desk L1
INC000000401394,21/08/2025 00:15,10,Service Desk L1
INC000000401395,14/08/2025 12:50,10,Service Desk VIP
INC000000401397,22/08/2025 05:50,10,Service Desk VIP
INC000000401399,16/08/2025 06:07,6,Service Desk L1
INC000000401417,21/08/2025 00:58,10,Service Desk L1
INC000000401422,28/08/2025 09:52,10,Service Desk L1
INC000000401433,07/08/2025 01:06,10,Service Desk L1
INC000000401435,21/08/2025 07:39,10,Service Desk L1
INC000000401438,18/08/2025 17:00,10,Service Desk Remote
INC000000401441,24/08/2025 13:57,6,Service Desk L1
INC000000401457,20/08/2025 09:40,10,Service Desk L1
INC000000401460,13/08/2025 10:41,10,Service Desk VIP
INC000000401464,27/08/2025 01:37,10,Service Desk Remote
INC000000401471,22/08/2025 15:59,10,Service Desk L1
INC000000401486,06/08/2025 10:46,10,Service Desk L1
INC000000401504,20/08/2025 18:26,10,Service Desk VIP
INC000000401515,11/08/2025 20:16,10,Service Desk L1
INC000000401527,06/08/2025 23:17,2,Service Desk VIP
INC000000401531,10/08/2025 00:51,10,Service Desk VIP
INC000000401532,28/08/2025 12:10,10,Service Desk VIP
INC000000401535,07/08/2025 14:15,10,Service Desk VIP
INC000000401539,31/08/2025 09:07,8,Service Desk L1
INC000000401542,21/08/2025 14:25,10,Service Desk L1
INC000000401550,19/08/2025 21:28,10,Service Desk L1
INC000000401556,06/08/2025 22:38,10,Service Desk L1
INC000000401568,26/08/2025 18:23,10,Service Desk Remote
INC000000401597,28/08/2025 12:11,8,Service Desk L1
INC000000401611,08/08/2025 19:42,10,Service Desk Remote
INC000000401621,18/08/2025 14:31,10,Service Desk L1
INC000000401637,13/08/2025 19:37,10,Service Desk L1
INC000000401643,15/08/2025 09:05,10,Service Desk L1
INC000000401647,05/08/2025 13:05,10,Service Desk VIP
INC000000401653,06/08/2025 17:34,10,Service Desk L1
INC000000401670,27/08/2025 12:39,10,Service Desk L1
INC000000401683,21/08/2025 02:47,10,Service Desk Remote
INC000000401748,10/08/2025 21:37,10,Service Desk L1
INC000000401757,19/08/2025 02:43,10,Service Desk L1
INC000000401763,15/08/2025 23:26,10,Service Desk L1
INC000000401779,26/08/2025 23:06,10,Service Desk L1
INC000000401792,26/08/2025 06:50,10,Service Desk L1
INC000000401820,06/08/2025 06:46,2,Service Desk L1
INC000000401833,08/08/2025 21:07,10,Service Desk L1
INC000000401837,23/08/2025 11:14,10,Service Desk L1
INC000000401858,10/08/2025 11:06,10,Service Desk L1
INC000000401859,01/08/2025 15:42,10,Service Desk L1
INC000000401876,27/08/2025 14:26,10,Service Desk L1
INC000000401886,27/08/2025 13:52,10,Service Desk Remote
INC000000401896,29/08/2025 00:08,10,Service Desk VIP
INC000000401917,13/08/2025 14:47,10,Service Desk VIP
INC000000401924,10/08/2025 04:37,4,Service Desk Remote
INC000000401936,16/08/2025 16:57,10,Service Desk L1
INC000000401943,07/08/2025 11:50,10,Service Desk Remote
INC000000401972,27/08/2025 20:05,10,Service Desk L1
INC000000401975,10/09/2025 00:10,2,Service Desk VIP
INC000000401978,12/09/2025 06:39,10,Service Desk Remote
INC000000401995,12/09/2025 19:18,10,Service Desk VIP
INC000000402009,04/09/2025 12:12,10,Service Desk L1
INC000000402013,25/09/2025 21:30,10,Service Desk VIP
INC000000402022,14/09/2025 04:21,8,Service Desk VIP
INC000000402025,11/09/2025 02:34,8,Service Desk VIP
INC000000402028,27/09/2025 15:39,10,Service Desk L1
INC000000402040,20/09/2025 03:29,10,Service Desk L1
INC000000402072,12/09/2025 20:09,8,Service Desk VIP
INC000000402097,02/09/2025 21:12,8,Service Desk VIP
INC000000402114,12/09/2025 15:49,10,Service Desk Remote
INC000000402117,23/09/2025 03:41,10,Service Desk L1
INC000000402133,01/10/2025 02:58,10,Service Desk Remote
INC000000402135,09/09/2025 17:16,10,Service Desk L1
INC000000402137,22/09/2025 21:45,10,Service Desk L1
INC000000402150,17/09/2025 17:11,10,Service Desk L1
INC000000402163,18/09/2025 03:02,8,Service Desk L1
INC000000402185,14/09/2025 03:45,10,Service Desk L1
INC000000402216,05/09/2025 15:46,10,Service Desk Remote
INC000000402228,23/09/2025 17:44,10,Service Desk L1
INC000000402234,17/09/2025 06:07,6,Service Desk VIP
INC000000402252,06/09/2025 17:02,4,Service Desk L1
INC000000402280,04/09/2025 18:25,10,Service Desk L1
INC000000402304,10/09/2025 10:26,4,Service Desk L1
INC000000402325,25/09/2025 02:22,10,Service Desk L1
INC000000402373,22/09/2025 08:43,10,Service Desk VIP
INC000000402375,26/09/2025 12:17,10,Service Desk L1
INC000000402381,16/09/2025 01:27,10,Service Desk L1
INC000000402387,24/09/2025 18:02,10,Service Desk L1
INC000000402408,25/09/2025 05:44,10,Service Desk L1
INC000000402411,12/09/2025 21:05,10,Service Desk Remote
INC000000402412,27/09/2025 05:13,10,Service Desk L1
INC000000402420,10/09/2025 01:38,10,Service Desk VIP
INC000000402432,11/09/2025 04:45,10,Service Desk L1
INC000000402467,10/09/2025 12:47,10,Service Desk L1
INC000000402473,09/09/2025 09:02,10,Service Desk Remote
INC000000402480,19/09/2025 05:14,10,Service Desk Remote
INC000000402497,24/09/2025 17:01,10,Service Desk L1
INC000000402502,29/09/2025 01:23,8,Service Desk L1
INC000000402508,04/09/2025 09:38,10,Service Desk L1
INC000000402515,18/09/2025 09:49,10,Service Desk VIP
INC000000402526,04/09/2025 20:24,10,Service Desk L1
INC000000402532,29/09/2025 15:55,10,Service Desk L1
INC000000402539,15/09/2025 00:13,10,Service Desk VIP
INC000000402547,22/09/2025 05:40,10,Service Desk L1
INC000000402573,23/09/2025 16:09,10,Service Desk L1
INC000000402600,20/09/2025 11:39,2,Service Desk L1
INC000000402604,15/09/2025 00:13,10,Service Desk L1
INC000000402621,09/09/2025 00:40,10,Service Desk VIP
INC000000402623,11/09/2025 14:36,10,Service Desk Remote
INC000000402644,12/09/2025 21:33,8,Service Desk L1
INC000000402655,16/09/2025 22:37,10,Service Desk L1
INC000000402667,22/09/2025 21:28,10,Service Desk L1
INC000000402673,06/09/2025 06:39,10,Service Desk Remote
INC000000402689,17/09/2025 12:57,8,Service Desk L1
INC000000402718,13/09/2025 07:32,10,Service Desk L1
INC000000402738,10/09/2025 08:33,10,Service Desk L1
INC000000402740,25/09/2025 13:33,10,Service Desk L1
INC000000402746,10/09/2025 22:48,10,Service Desk L1
INC000000402753,17/09/2025 08:05,10,Service Desk L1
INC000000402763,11/09/2025 20:13,10,Service Desk Remote
INC000000402786,13/09/2025 07:20,10,Service Desk L1
INC000000402789,03/09/2025 09:32,10,Service Desk Remote
INC000000402790,21/09/2025 09:00,10,Service Desk Remote
INC000000402811,21/09/2025 11:25,10,Service Desk L1
INC000000402823,17/09/2025 09:05,10,Service Desk Remote
INC000000402845,24/09/2025 10:09,6,Service Desk L1
INC000000402852,12/09/2025 12:50,10,Service Desk Remote
INC000000402855,16/09/2025 07:19,10,Service Desk Remote
INC000000402858,23/09/2025 18:44,10,Service Desk L1
INC000000402867,06/09/2025 10:25,10,Service Desk VIP
INC000000402869,17/09/2025 06:11,10,Service Desk L1
INC000000402910,20/09/2025 06:54,10,Service Desk L1
INC000000402919,09/09/2025 20:58,10,Service Desk L1
INC000000402924,24/09/2025 09:35,10,Service Desk VIP
INC000000402941,02/09/2025 18:39,10,Service Desk L1
INC000000402967,23/09/2025 12:46,10,Service Desk L1
INC000000403030,16/09/2025 17:24,10,Service Desk L1
INC000000403032,10/09/2025 15:27,10,Service Desk VIP
INC000000403047,25/09/2025 22:25,10,Service Desk L1
INC000000403069,18/09/2025 13:03,10,Service Desk Remote
INC000000403071,01/10/2025 07:01,10,Service Desk L1
INC000000403074,04/09/2025 06:34,10,Service Desk Remote
INC000000403101,13/09/2025 03:14,10,Service Desk L1
INC000000403103,29/09/2025 03:22,8,Service Desk L1
INC000000403123,16/09/2025 22:44,10,Service Desk L1
INC000000403136,25/09/2025 08:35,10,Service Desk Remote
INC000000403146,17/09/2025 10:45,8,Service Desk L1
INC000000403154,05/09/2025 04:13,10,Service Desk VIP
INC000000403163,17/09/2025 05:53,10,Service Desk L1
INC000000403164,10/09/2025 13:38,10,Service Desk L1
INC000000403173,23/09/2025 23:11,10,Service Desk VIP
INC000000403205,19/09/2025 15:02,10,Service Desk Remote
INC000000403236,23/09/2025 21:49,2,Service Desk Remote
INC000000403239,16/09/2025 03:52,10,Service Desk L1
INC000000403244,07/09/2025 02:41,10,Service Desk L1
INC000000403258,18/09/2025 16:54,10,Service Desk L1
INC000000403262,11/09/2025 05:11,10,Service Desk VIP
INC000000403272,10/09/2025 14:17,10,Service Desk VIP
INC000000403275,18/09/2025 11:44,10,Service Desk VIP
INC000000403292,03/09/2025 06:40,10,Service Desk Remote
INC000000403304,11/09/2025 04:08,10,Service Desk L1
INC000000403306,10/09/2025 12:44,10,Service Desk Remote
INC000000403307,04/09/2025 02:43,10,Service Desk Remote
INC000000403338,13/09/2025 09:59,6,Service Desk L1
INC000000403341,18/09/2025 14:02,10,Service Desk L1
INC000000403349,05/09/2025 19:20,10,Service Desk L1
INC000000403358,29/09/2025 20:24,10,Service Desk L1
INC000000403366,16/09/2025 13:20,10,Service Desk VIP
INC000000403389,24/09/2025 16:06,10,Service Desk L1
INC000000403392,24/09/2025 14:49,10,Service Desk L1
INC000000403399,21/09/2025 07:11,8,Service Desk Remote
INC000000403403,23/09/2025 13:14,10,Service Desk L1
INC000000403410,15/09/2025 13:27,8,Service Desk L1
INC000000403417,18/09/2025 10:58,10,Service Desk L1
INC000000403425,20/09/2025 02:30,10,Service Desk VIP
INC000000403426,16/09/2025 01:45,10,Service Desk Remote
INC000000403431,01/10/2025 08:15,10,Service Desk L1
INC000000403444,14/09/2025 00:16,10,Service Desk VIP
INC000000403445,10/09/2025 20:11,10,Service Desk Remote
INC000000403457,20/09/2025 10:29,10,Service Desk L1
INC000000403497,19/09/2025 21:37,10,Service Desk VIP
INC000000403514,19/09/2025 18:42,10,Service Desk VIP
INC000000403523,26/09/2025 04:28,4,Service Desk VIP
INC000000403541,24/09/2025 04:55,10,Service Desk L1
INC000000403552,10/09/2025 07:25,10,Service Desk VIP
INC000000403561,05/09/2025 09:08,10,Service Desk L1
INC000000403577,14/09/2025 15:21,10,Service Desk Remote
INC000000403583,19/09/2025 17:18,10,Service Desk VIP
INC000000403592,20/09/2025 18:04,10,Service Desk L1
INC000000403602,05/09/2025 20:08,8,Service Desk L1
INC000000403608,14/09/2025 11:39,10,Service Desk L1
INC000000403630,25/09/2025 14:53,10,Service Desk L1
INC000000403633,28/09/2025 08:25,10,Service Desk L1
INC000000403641,26/09/2025 10:50,10,Service Desk L1
INC000000403669,01/10/2025 20:18,10,Service Desk L1
INC000000403678,19/09/2025 01:49,8,Service Desk Remote
INC000000403689,10/09/2025 06:17,10,Service Desk L1
INC000000403701,03/09/2025 08:16,10,Service Desk L1
INC000000403714,15/09/2025 13:09,10,Service Desk L1
INC000000403743,12/09/2025 09:47,10,Service Desk Remote
INC000000403749,24/09/2025 16:31,10,Service Desk L1
INC000000403753,02/09/2025 13:28,10,Service Desk VIP
INC000000403756,06/09/2025 01:35,10,Service Desk L1
INC000000403771,26/09/2025 02:49,10,Service Desk L1
INC000000403776,07/09/2025 02:50,10,Service Desk L1
INC000000403787,18/09/2025 15:54,6,Service Desk L1
INC000000403816,17/09/2025 08:10,10,Service Desk L1
INC000000403817,16/09/2025 23:37,10,Service Desk VIP
INC000000403821,20/09/2025 15:26,10,Service Desk L1
INC000000403826,03/09/2025 17:37,10,Service Desk L1
INC000000403848,29/09/2025 12:38,10,Service Desk L1
INC000000403857,04/09/2025 10:42,10,Service Desk VIP
INC000000403867,23/09/2025 06:03,10,Service Desk L1
INC000000403871,26/09/2025 06:34,10,Service Desk L1
INC000000403896,18/09/2025 11:36,10,Service Desk L1
INC000000403901,09/09/2025 11:37,10,Service Desk Remote
INC000000403921,17/09/2025 11:32,10,Service Desk L1
INC000000403922,18/09/2025 15:17,10,Service Desk L1
INC000000403944,14/09/2025 02:29,10,Service Desk L1
INC000000403953,11/09/2025 18:35,10,Service Desk L1
INC000000403974,19/09/2025 03:13,8,Service Desk L1
INC000000403978,06/09/2025 00:40,10,Service Desk VIP
INC000000404001,17/09/2025 12:20,10,Service Desk VIP
INC000000404010,30/09/2025 08:13,10,Service Desk L1
INC000000404040,24/09/2025 21:44,10,Service Desk L1
INC000000404045,28/09/2025 13:27,10,Service Desk Remote
INC000000404071,01/10/2025 04:30,10,Service Desk L1
INC000000404108,23/10/2025 02:09,10,Service Desk L1
INC000000404110,20/10/2025 00:59,10,Service Desk L1
INC000000404112,16/10/2025 06:30,10,Service Desk L1
INC000000404125,14/10/2025 21:37,10,Service Desk L1
INC000000404134,08/10/2025 01:27,8,Service Desk VIP
INC000000404169,09/10/2025 12:42,10,Service Desk Remote
INC000000404228,15/10/2025 22:29,10,Service Desk L1
INC000000404293,22/10/2025 18:53,10,Service Desk L1
INC000000404294,07/10/2025 06:08,10,Service Desk L1
INC000000404323,08/10/2025 14:46,10,Service Desk VIP
INC000000404343,30/10/2025 09:37,10,Service Desk L1
INC000000404357,24/10/2025 04:08,10,Service Desk L1
INC000000404359,30/10/2025 22:53,10,Service Desk L1
INC000000404367,15/10/2025 07:35,10,Service Desk L1
INC000000404372,17/10/2025 15:51,10,Service Desk L1
INC000000404398,18/10/2025 13:43,10,Service Desk Remote
INC000000404428,18/10/2025 02:10,10,Service Desk Remote
INC000000404444,07/10/2025 14:36,10,Service Desk VIP
INC000000404453,30/10/2025 17:50,10,Service Desk L1
INC000000404473,08/10/2025 11:18,10,Service Desk VIP
INC000000404478,02/10/2025 12:51,10,Service Desk L1
INC000000404495,11/10/2025 05:28,10,Service Desk L1
INC000000404505,30/10/2025 06:59,10,Service Desk L1
INC000000404511,18/10/2025 04:39,10,Service Desk Remote
INC000000404512,29/10/2025 10:00,10,Service Desk L1
INC000000404524,30/10/2025 05:30,10,Service Desk L1
INC000000404530,23/10/2025 13:21,10,Service Desk L1
INC000000404540,08/10/2025 19:57,10,Service Desk L1
INC000000404591,17/10/2025 20:08,10,Service Desk L1
INC000000404594,22/10/2025 00:28,10,Service Desk L1
INC000000404595,16/10/2025 10:34,10,Service Desk L1
INC000000404606,04/10/2025 04:11,10,Service Desk L1
INC000000404617,09/10/2025 21:16,10,Service Desk VIP
INC000000404620,07/10/2025 18:02,10,Service Desk L1
INC000000404636,04/10/2025 15:34,10,Service Desk L1
INC000000404661,22/10/2025 00:10,10,Service Desk L1
INC000000404684,25/10/2025 06:54,10,Service Desk L1
INC000000404686,11/10/2025 00:18,10,Service Desk L1
INC000000404701,17/10/2025 00:24,10,Service Desk L1
INC000000404703,10/10/2025 03:36,10,Service Desk L1
INC000000404706,28/10/2025 10:04,10,Service Desk L1
INC000000404709,13/10/2025 06:34,10,Service Desk L1
INC000000404728,06/10/2025 23:20,10,Service Desk L1
INC000000404733,28/10/2025 02:21,2,Service Desk Remote
INC000000404741,21/10/2025 10:36,10,Service Desk L1
INC000000404745,29/10/2025 08:51,10,Service Desk L1
INC000000404769,04/10/2025 09:01,10,Service Desk VIP
INC000000404778,23/10/2025 05:49,10,Service Desk Remote
INC000000404779,08/10/2025 17:56,10,Service Desk Remote
INC000000404781,25/10/2025 19:28,10,Service Desk L1
INC000000404783,23/10/2025 19:09,8,Service Desk L1
INC000000404790,22/10/2025 07:41,10,Service Desk L1
INC000000404805,30/10/2025 06:41,10,Service Desk Remote
INC000000404846,21/10/2025 10:43,10,Service Desk VIP
INC000000404909,10/10/2025 11:01,10,Service Desk VIP
INC000000404922,29/10/2025 09:01,10,Service Desk Remote
INC000000404924,14/10/2025 02:36,10,Service Desk Remote
INC000000404925,17/10/2025 00:18,10,Service Desk Remote
INC000000404935,14/10/2025 15:18,10,Service Desk L1
INC000000404945,08/10/2025 16:53,8,Service Desk L1
INC000000404960,15/10/2025 20:05,2,Service Desk L1
INC000000404972,12/10/2025 14:28,10,Service Desk L1
INC000000404973,08/10/2025 05:00,10,Service Desk L1
INC000000404999,17/10/2025 10:54,10,Service Desk L1
INC000000405003,04/10/2025 01:36,10,Service Desk Remote
INC000000405004,24/10/2025 05:29,10,Service Desk L1
INC000000405026,08/10/2025 20:54,10,Service Desk VIP
INC000000405032,24/10/2025 02:05,10,Service Desk VIP
INC000000405037,02/10/2025 18:31,4,Service Desk L1
INC000000405040,17/10/2025 14:20,10,Service Desk Remote
INC000000405055,09/10/2025 14:52,10,Service Desk Remote
INC000000405060,20/10/2025 15:07,10,Service Desk Remote
INC000000405093,21/10/2025 17:51,10,Service Desk L1
INC000000405098,04/10/2025 06:32,10,Service Desk L1
INC000000405109,16/10/2025 22:01,6,Service Desk VIP
INC000000405114,12/10/2025 07:51,10,Service Desk Remote
INC000000405129,21/10/2025 10:44,10,Service Desk L1
INC000000405141,16/10/2025 19:51,10,Service Desk VIP
INC000000405144,24/10/2025 10:18,10,Service Desk L1
INC000000405151,22/10/2025 14:21,10,Service Desk VIP
INC000000405152,26/10/2025 09:38,10,Service Desk Remote
INC000000405156,03/10/2025 05:06,4,Service Desk Remote
INC000000405169,03/10/2025 00:44,10,Service Desk L1
INC000000405190,09/10/2025 20:23,10,Service Desk L1
INC000000405200,27/10/2025 20:24,10,Service Desk L1
INC000000405202,16/10/2025 08:30,10,Service Desk VIP
INC000000405244,21/10/2025 15:18,8,Service Desk L1
INC000000405247,14/10/2025 19:08,10,Service Desk L1
INC000000405249,22/10/2025 06:24,8,Service Desk L1
INC000000405255,16/10/2025 23:29,8,Service Desk L1
INC000000405276,23/10/2025 09:07,10,Service Desk Remote
INC000000405311,04/10/2025 00:54,10,Service Desk L1
INC000000405325,14/10/2025 01:11,10,Service Desk VIP
INC000000405339,13/10/2025 20:33,10,Service Desk VIP
INC000000405342,16/10/2025 03:53,8,Service Desk L1
INC000000405343,22/10/2025 12:31,10,Service Desk VIP
INC000000405370,20/10/2025 19:55,10,Service Desk L1
INC000000405372,25/10/2025 18:49,10,Service Desk L1
INC000000405375,25/10/2025 01:48,10,Service Desk L1
INC000000405378,26/10/2025 02:02,10,Service Desk L1
INC000000405408,30/10/2025 05:35,10,Service Desk L1
INC000000405423,08/10/2025 19:49,10,Service Desk Remote
INC000000405431,25/10/2025 03:32,10,Service Desk VIP
INC000000405464,09/10/2025 03:10,10,Service Desk VIP
INC000000405483,09/10/2025 12:13,10,Service Desk L1
INC000000405507,11/10/2025 17:39,10,Service Desk L1
INC000000405509,21/10/2025 07:20,10,Service Desk Remote
INC000000405524,07/10/2025 11:47,10,Service Desk L1
INC000000405526,30/10/2025 13:11,10,Service Desk L1
INC000000405581,16/10/2025 17:32,10,Service Desk L1
INC000000405597,27/10/2025 21:14,10,Service Desk L1
INC000000405600,15/10/2025 11:46,10,Service Desk Remote
INC000000405605,16/10/2025 10:29,10,Service Desk Remote
INC000000405615,19/10/2025 10:54,10,Service Desk VIP
INC000000405620,10/10/2025 00:46,10,Service Desk L1
INC000000405622,16/10/2025 04:51,8,Service Desk L1
INC000000405634,03/10/2025 12:11,10,Service Desk L1
INC000000405637,25/10/2025 14:37,4,Service Desk VIP
INC000000405644,24/10/2025 18:23,6,Service Desk VIP
INC000000405648,04/10/2025 05:52,10,Service Desk L1
INC000000405651,17/10/2025 09:12,10,Service Desk L1
INC000000405653,16/10/2025 11:53,10,Service Desk L1
INC000000405695,13/10/2025 00:12,10,Service Desk L1
INC000000405698,29/10/2025 18:59,10,Service Desk L1
INC000000405714,13/10/2025 12:56,4,Service Desk L1
INC000000405717,02/10/2025 09:14,10,Service Desk L1
INC000000405729,09/10/2025 15:20,10,Service Desk L1
INC000000405733,26/10/2025 15:53,10,Service Desk L1
INC000000405756,16/10/2025 03:28,10,Service Desk VIP
INC000000405792,16/10/2025 00:47,10,Service Desk L1
INC000000405818,14/10/2025 03:52,10,Service Desk Remote
INC000000405836,23/10/2025 09:40,10,Service Desk L1
INC000000405844,18/10/2025 09:48,10,Service Desk VIP
INC000000405854,21/10/2025 06:54,10,Service Desk L1
INC000000405862,08/10/2025 09:20,8,Service Desk L1
INC000000405866,16/10/2025 14:59,10,Service Desk L1
INC000000405874,07/10/2025 08:50,10,Service Desk L1
INC000000405886,21/10/2025 19:14,10,Service Desk VIP
INC000000405920,15/10/2025 05:37,10,Service Desk VIP
INC000000405925,09/10/2025 04:39,10,Service Desk Remote
INC000000405945,31/10/2025 09:59,10,Service Desk Remote
INC000000405960,21/10/2025 19:20,6,Service Desk L1
INC000000405985,23/10/2025 06:02,10,Service Desk L1
INC000000405994,18/10/2025 00:13,10,Service Desk Remote
INC000000406007,16/10/2025 07:51,10,Service Desk L1
INC000000406013,07/10/2025 07:25,10,Service Desk VIP
INC000000406026,10/10/2025 07:29,10,Service Desk VIP
INC000000406032,05/10/2025 12:39,10,Service Desk L1
INC000000406050,28/10/2025 04:34,10,Service Desk Remote
INC000000406054,05/10/2025 02:26,10,Service Desk L1
INC000000406068,26/10/2025 21:17,10,Service Desk Remote
INC000000406070,09/10/2025 00:20,10,Service Desk VIP
INC000000406080,09/10/2025 02:17,10,Service Desk L1
INC000000406096,27/10/2025 15:10,10,Service Desk L1
INC000000406099,09/10/2025 03:17,10,Service Desk L1
INC000000406134,25/10/2025 03:32,10,Service Desk L1
INC000000406137,04/10/2025 22:01,8,Service Desk L1
INC000000406160,09/10/2025 08:16,10,Service Desk L1
INC000000406178,08/10/2025 21:04,10,Service Desk VIP
INC000000406184,04/10/2025 03:16,10,Service Desk L1
INC000000406196,11/10/2025 02:47,10,Service Desk L1
INC000000406210,27/10/2025 15:27,8,Service Desk L1
INC000000406233,22/10/2025 05:17,10,Service Desk VIP
INC000000406274,20/11/2025 10:58,10,Service Desk Remote
INC000000406328,25/11/2025 17:16,10,Service Desk L1
INC000000406349,28/11/2025 00:02,10,Service Desk L1
INC000000406353,29/11/2025 19:16,10,Service Desk VIP
INC000000406358,07/11/2025 00:46,10,Service Desk L1
INC000000406378,20/11/2025 11:48,10,Service Desk L1
INC000000406387,12/11/2025 23:04,4,Service Desk Remote
INC000000406399,22/11/2025 11:26,10,Service Desk VIP
INC000000406400,19/11/2025 01:07,10,Service Desk VIP
INC000000406402,28/11/2025 02:42,10,Service Desk Remote
INC000000406412,28/11/2025 21:47,10,Service Desk VIP
INC000000406417,11/11/2025 13:07,10,Service Desk Remote
INC000000406448,13/11/2025 13:38,10,Service Desk L1
INC000000406455,05/11/2025 02:23,10,Service Desk VIP
INC000000406464,30/11/2025 08:50,10,Service Desk L1
INC000000406472,22/11/2025 13:17,6,Service Desk VIP
INC000000406485,26/11/2025 01:18,8,Service Desk Remote
INC000000406504,14/11/2025 17:46,10,Service Desk L1
INC000000406505,19/11/2025 07:31,10,Service Desk Remote
INC000000406525,15/11/2025 03:24,10,Service Desk L1
INC000000406536,04/11/2025 04:09,10,Service Desk L1
INC000000406548,19/11/2025 04:08,10,Service Desk VIP
INC000000406550,28/11/2025 17:34,10,Service Desk L1
INC000000406561,06/11/2025 08:20,8,Service Desk Remote
INC000000406574,21/11/2025 02:19,10,Service Desk L1
INC000000406580,28/11/2025 15:52,10,Service Desk Remote
INC000000406585,19/11/2025 07:07,10,Service Desk L1
INC000000406598,13/11/2025 09:18,10,Service Desk L1
INC000000406601,11/11/2025 14:18,10,Service Desk L1
INC000000406627,28/11/2025 09:38,8,Service Desk L1
INC000000406636,23/11/2025 07:46,2,Service Desk L1
INC000000406652,06/11/2025 21:19,10,Service Desk Remote
INC000000406668,12/11/2025 14:10,10,Service Desk Remote
INC000000406676,27/11/2025 11:39,10,Service Desk Remote
INC000000406701,06/11/2025 05:54,10,Service Desk Remote
INC000000406731,10/11/2025 07:48,10,Service Desk L1
INC000000406768,18/11/2025 18:09,10,Service Desk Remote
INC000000406770,13/11/2025 06:36,8,Service Desk VIP
INC000000406784,06/11/2025 07:46,10,Service Desk L1
INC000000406791,01/12/2025 07:10,10,Service Desk L1
INC000000406798,21/11/2025 19:03,10,Service Desk Remote
INC000000406814,15/11/2025 23:30,10,Service Desk Remote
INC000000406826,25/11/2025 20:20,10,Service Desk L1
INC000000406849,28/11/2025 04:51,10,Service Desk Remote
INC000000406852,21/11/2025 07:48,10,Service Desk VIP
INC000000406864,13/11/2025 01:36,10,Service Desk VIP
INC000000406882,11/11/2025 22:07,10,Service Desk VIP
INC000000406927,19/11/2025 16:12,10,Service Desk L1
INC000000406943,20/11/2025 17:33,10,Service Desk L1
INC000000406945,29/11/2025 15:42,10,Service Desk L1
INC000000406961,13/11/2025 12:08,10,Service Desk L1
INC000000406982,22/11/2025 23:04,10,Service Desk Remote
INC000000406998,04/11/2025 10:39,6,Service Desk VIP
INC000000406999,27/11/2025 07:19,10,Service Desk L1
INC000000407005,11/11/2025 18:31,10,Service Desk L1
INC000000407008,10/11/2025 19:38,2,Service Desk Remote
INC000000407026,12/11/2025 01:26,10,Service Desk VIP
INC000000407043,13/11/2025 16:52,10,Service Desk VIP
INC000000407098,05/11/2025 08:31,8,Service Desk VIP
INC000000407104,12/11/2025 02:00,10,Service Desk L1
INC000000407113,09/11/2025 07:03,10,Service Desk VIP
INC000000407116,05/11/2025 01:39,10,Service Desk Remote
INC000000407129,22/11/2025 15:54,10,Service Desk L1
INC000000407132,27/11/2025 10:08,10,Service Desk Remote
INC000000407137,11/11/2025 12:30,10,Service Desk L1
INC000000407142,15/11/2025 14:40,10,Service Desk L1
INC000000407161,13/11/2025 10:53,4,Service Desk Remote
INC000000407184,12/11/2025 22:38,10,Service Desk L1
INC000000407188,17/11/2025 14:09,10,Service Desk VIP
INC000000407191,21/11/2025 00:56,10,Service Desk VIP
INC000000407196,29/11/2025 09:49,10,Service Desk L1
INC000000407198,27/11/2025 22:19,10,Service Desk VIP
INC000000407201,25/11/2025 03:29,10,Service Desk L1
INC000000407219,08/11/2025 17:01,10,Service Desk Remote
INC000000407221,12/11/2025 10:29,10,Service Desk L1
INC000000407245,07/11/2025 01:59,10,Service Desk L1
INC000000407265,05/11/2025 12:08,10,Service Desk L1
INC000000407270,26/11/2025 12:41,10,Service Desk VIP
INC000000407272,12/11/2025 08:29,8,Service Desk VIP
INC000000407274,04/11/2025 12:20,10,Service Desk L1
INC000000407276,29/11/2025 04:50,10,Service Desk L1
INC000000407288,06/11/2025 00:43,10,Service Desk L1
INC000000407310,05/11/2025 17:17,8,Service Desk L1
INC000000407317,27/11/2025 05:17,10,Service Desk VIP
INC000000407318,22/11/2025 03:42,10,Service Desk L1
INC000000407334,18/11/2025 05:53,10,Service Desk L1
INC000000407339,11/11/2025 04:25,10,Service Desk L1
INC000000407343,08/11/2025 09:30,10,Service Desk L1
INC000000407363,18/11/2025 01:15,10,Service Desk VIP
INC000000407408,07/11/2025 05:40,10,Service Desk L1
INC000000407425,08/11/2025 06:24,10,Service Desk Remote
INC000000407440,30/11/2025 09:21,10,Service Desk L1
INC000000407444,18/11/2025 10:45,10,Service Desk L1
INC000000407445,20/11/2025 21:50,10,Service Desk Remote
INC000000407449,14/11/2025 07:42,10,Service Desk L1
INC000000407470,26/11/2025 14:36,10,Service Desk Remote
INC000000407471,04/11/2025 21:43,10,Service Desk Remote
INC000000407514,12/11/2025 09:50,6,Service Desk VIP
INC000000407535,07/11/2025 19:35,10,Service Desk VIP
INC000000407552,10/11/2025 04:11,10,Service Desk L1
INC000000407560,29/11/2025 08:25,10,Service Desk L1
INC000000407570,12/11/2025 22:39,2,Service Desk L1
INC000000407573,18/11/2025 19:38,10,Service Desk VIP
INC000000407640,12/11/2025 22:13,10,Service Desk L1
INC000000407642,09/11/2025 11:39,10,Service Desk VIP
INC000000407652,28/11/2025 05:03,10,Service Desk L1
INC000000407655,13/11/2025 06:20,10,Service Desk L1
INC000000407664,13/11/2025 23:50,10,Service Desk L1
INC000000407677,05/11/2025 02:55,10,Service Desk VIP
INC000000407688,27/11/2025 12:21,10,Service Desk Remote
INC000000407706,19/11/2025 09:23,10,Service Desk L1
INC000000407710,05/11/2025 21:38,8,Service Desk L1
INC000000407718,19/11/2025 11:57,10,Service Desk L1
INC000000407720,18/11/2025 11:33,10,Service Desk L1
INC000000407723,28/11/2025 09:45,10,Service Desk Remote
INC000000407747,19/11/2025 15:43,10,Service Desk Remote
INC000000407776,27/11/2025 10:31,10,Service Desk L1
INC000000407790,05/11/2025 10:33,8,Service Desk L1
INC000000407795,04/11/2025 08:53,10,Service Desk L1
INC000000407808,18/11/2025 04:20,10,Service Desk Remote
INC000000407813,12/11/2025 15:01,10,Service Desk L1
INC000000407819,05/11/2025 08:33,10,Service Desk L1
INC000000407838,26/11/2025 19:40,10,Service Desk L1
INC000000407848,25/11/2025 03:30,10,Service Desk L1
INC000000407856,19/11/2025 15:03,10,Service Desk L1
INC000000407860,14/11/2025 02:47,8,Service Desk L1
INC000000407870,05/11/2025 13:34,10,Service Desk L1
INC000000407875,19/11/2025 01:00,10,Service Desk Remote
INC000000407898,27/11/2025 23:49,10,Service Desk L1
INC000000407913,26/11/2025 12:06,2,Service Desk L1
INC000000407918,16/11/2025 08:17,10,Service Desk L1
INC000000407921,22/11/2025 20:05,10,Service Desk L1
INC000000407938,28/11/2025 07:21,10,Service Desk L1
INC000000407941,25/11/2025 03:21,10,Service Desk L1
INC000000407957,26/11/2025 14:20,10,Service Desk VIP
INC000000407964,06/11/2025 00:26,10,Service Desk VIP
INC000000407978,20/11/2025 12:44,8,Service Desk L1
INC000000407979,05/11/2025 14:41,10,Service Desk VIP
INC000000407993,08/11/2025 08:05,10,Service Desk VIP
INC000000407999,27/11/2025 13:19,10,Service Desk VIP
INC000000408009,21/11/2025 14:57,10,Service Desk VIP
INC000000408010,10/11/2025 19:21,4,Service Desk L1
INC000000408098,25/11/2025 13:57,10,Service Desk L1
INC000000408105,21/11/2025 18:13,10,Service Desk Remote
INC000000408125,20/11/2025 14:25,10,Service Desk L1
INC000000408129,04/11/2025 15:35,10,Service Desk L1
INC000000408140,24/11/2025 04:03,10,Service Desk L1
INC000000408147,06/11/2025 06:03,10,Service Desk VIP
INC000000408150,18/11/2025 17:01,10,Service Desk Remote
INC000000408158,25/11/2025 01:01,10,Service Desk L1
INC000000408171,27/11/2025 04:15,10,Service Desk L1
INC000000408177,15/11/2025 02:28,10,Service Desk VIP
INC000000408194,30/11/2025 02:59,10,Service Desk L1
INC000000408197,29/11/2025 22:41,10,Service Desk L1
INC000000408202,13/11/2025 22:32,8,Service Desk L1
INC000000408215,07/11/2025 23:37,10,Service Desk VIP
INC000000408216,21/11/2025 20:40,10,Service Desk L1
INC000000408221,28/11/2025 21:38,10,Service Desk L1
INC000000408227,11/11/2025 09:59,10,Service Desk L1
INC000000408255,11/11/2025 01:09,10,Service Desk VIP
INC000000408282,05/11/2025 07:43,10,Service Desk L1
INC000000408316,19/11/2025 23:50,10,Service Desk L1
INC000000408321,19/11/2025 05:15,10,Service Desk L1
INC000000408337,06/11/2025 08:44,10,Service Desk L1
INC000000408381,05/11/2025 01:54,8,Service Desk VIP
INC000000408401,14/11/2025 04:21,10,Service Desk Remote
INC000000408425,19/11/2025 00:22,8,Service Desk L1
INC000000408438,04/12/2025 06:36,8,Service Desk L1
INC000000408447,06/12/2025 14:30,8,Service Desk L1
INC000000408472,18/12/2025 02:27,10,Service Desk VIP
INC000000408476,23/12/2025 03:14,8,Service Desk L1
INC000000408482,12/12/2025 19:26,10,Service Desk Remote
INC000000408508,15/12/2025 03:30,10,Service Desk L1
INC000000408517,11/12/2025 13:31,10,Service Desk L1
INC000000408533,02/12/2025 14:34,10,Service Desk L1
INC000000408546,16/12/2025 11:42,10,Service Desk L1
INC000000408548,05/12/2025 03:53,10,Service Desk L1
INC000000408550,17/12/2025 08:05,10,Service Desk L1
INC000000408553,02/12/2025 04:43,10,Service Desk L1
INC000000408556,16/12/2025 02:51,10,Service Desk L1
INC000000408565,05/12/2025 10:32,10,Service Desk L1
INC000000408571,10/12/2025 09:19,10,Service Desk Remote
INC000000408575,30/12/2025 02:38,6,Service Desk L1
INC000000408604,30/12/2025 19:29,10,Service Desk Remote
INC000000408620,20/12/2025 10:46,8,Service Desk L1
INC000000408623,13/12/2025 07:49,10,Service Desk L1
INC000000408633,20/12/2025 15:21,10,Service Desk L1
INC000000408689,25/12/2025 23:22,10,Service Desk L1
INC000000408719,09/12/2025 13:44,10,Service Desk L1
INC000000408752,18/12/2025 13:22,10,Service Desk L1
INC000000408781,02/12/2025 09:58,10,Service Desk Remote
INC000000408787,25/12/2025 20:36,10,Service Desk L1
INC000000408800,26/12/2025 13:39,10,Service Desk L1
INC000000408825,18/12/2025 12:56,10,Service Desk L1
INC000000408828,23/12/2025 21:01,10,Service Desk L1
INC000000408834,27/12/2025 01:25,10,Service Desk L1
INC000000408837,12/12/2025 09:43,10,Service Desk VIP
INC000000408857,04/12/2025 21:32,10,Service Desk Remote
INC000000408865,02/12/2025 13:19,6,Service Desk L1
INC000000408869,02/12/2025 02:32,10,Service Desk L1
INC000000408875,24/12/2025 08:52,10,Service Desk L1
INC000000408878,12/12/2025 04:35,8,Service Desk L1
INC000000408930,25/12/2025 20:53,10,Service Desk L1
INC000000408934,03/12/2025 23:14,10,Service Desk Remote
INC000000408943,11/12/2025 02:05,10,Service Desk L1
INC000000408962,18/12/2025 10:42,10,Service Desk L1
INC000000409018,10/12/2025 00:15,10,Service Desk L1
INC000000409021,16/12/2025 14:22,10,Service Desk L1
INC000000409046,01/01/2026 06:47,10,Service Desk L1
INC000000409059,09/12/2025 10:27,10,Service Desk L1
INC000000409066,13/12/2025 11:06,10,Service Desk Remote
INC000000409067,10/12/2025 05:37,10,Service Desk VIP
INC000000409088,27/12/2025 15:28,10,Service Desk VIP
INC000000409096,30/12/2025 21:51,10,Service Desk Remote
INC000000409097,10/12/2025 19:30,2,Service Desk L1
INC000000409121,16/12/2025 13:48,6,Service Desk L1
INC000000409141,26/12/2025 16:19,10,Service Desk L1
INC000000409159,25/12/2025 06:00,10,Service Desk L1
INC000000409160,11/12/2025 07:20,10,Service Desk VIP
INC000000409177,01/01/2026 11:05,10,Service Desk L1
INC000000409198,22/12/2025 19:08,10,Service Desk L1
INC000000409213,08/12/2025 15:32,10,Service Desk L1
INC000000409231,23/12/2025 09:05,10,Service Desk VIP
INC000000409234,18/12/2025 06:46,10,Service Desk L1
INC000000409252,02/12/2025 13:38,10,Service Desk L1
INC000000409263,18/12/2025 09:10,10,Service Desk L1
INC000000409287,05/12/2025 19:46,10,Service Desk VIP
INC000000409313,19/12/2025 14:04,10,Service Desk Remote
INC000000409316,26/12/2025 16:07,10,Service Desk L1
INC000000409322,26/12/2025 16:11,10,Service Desk VIP
INC000000409336,16/12/2025 01:49,10,Service Desk L1
INC000000409348,29/12/2025 12:47,8,Service Desk L1
INC000000409352,17/12/2025 17:17,8,Service Desk L1
INC000000409356,09/12/2025 17:43,10,Service Desk L1
INC000000409359,16/12/2025 21:04,4,Service Desk L1
INC000000409382,13/12/2025 14:21,10,Service Desk L1
INC000000409409,09/12/2025 19:18,10,Service Desk L1
INC000000409422,25/12/2025 19:18,10,Service Desk VIP
INC000000409442,15/12/2025 09:15,10,Service Desk Remote
INC000000409457,08/12/2025 20:46,8,Service Desk L1
INC000000409471,16/12/2025 05:32,10,Service Desk L1
INC000000409488,10/12/2025 07:37,10,Service Desk Remote
INC000000409509,19/12/2025 04:07,10,Service Desk L1
INC000000409567,29/12/2025 03:43,10,Service Desk VIP
INC000000409568,18/12/2025 07:05,10,Service Desk Remote
INC000000409619,19/12/2025 08:01,10,Service Desk L1
INC000000409625,17/12/2025 01:03,10,Service Desk L1
INC000000409650,05/12/2025 11:07,6,Service Desk L1
INC000000409662,18/12/2025 13:16,10,Service Desk Remote
INC000000409679,13/12/2025 22:53,10,Service Desk L1
INC000000409681,16/12/2025 16:37,10,Service Desk Remote
INC000000409708,29/12/2025 20:07,10,Service Desk VIP
INC000000409723,19/12/2025 08:01,10,Service Desk L1
INC000000409724,16/12/2025 22:56,10,Service Desk L1
INC000000409728,12/12/2025 07:02,10,Service Desk VIP
INC000000409740,08/12/2025 14:36,10,Service Desk L1
INC000000409772,21/12/2025 20:51,10,Service Desk L1
INC000000409784,28/12/2025 11:16,10,Service Desk L1
INC000000409797,28/12/2025 01:44,10,Service Desk L1
INC000000409823,01/01/2026 01:22,10,Service Desk VIP
INC000000409835,16/12/2025 13:20,8,Service Desk L1
INC000000409852,15/12/2025 20:28,10,Service Desk L1
INC000000409868,09/12/2025 10:18,10,Service Desk VIP
INC000000409871,20/12/2025 21:24,10,Service Desk Remote
INC000000409895,10/12/2025 23:18,10,Service Desk Remote
INC000000409900,24/12/2025 17:07,10,Service Desk Remote
INC000000409907,20/12/2025 12:56,10,Service Desk L1
INC000000409922,15/12/2025 22:30,10,Service Desk Remote
INC000000409930,04/12/2025 14:43,10,Service Desk VIP
INC000000409949,28/12/2025 04:54,10,Service Desk L1
INC000000409971,04/12/2025 09:37,10,Service Desk L1
INC000000410065,12/12/2025 21:38,10,Service Desk L1
INC000000410095,18/12/2025 10:13,10,Service Desk L1
INC000000410099,16/12/2025 03:19,10,Service Desk L1
INC000000410100,27/12/2025 06:40,10,Service Desk L1
INC000000410111,25/12/2025 13:44,10,Service Desk Remote
INC000000410114,26/12/2025 01:18,10,Service Desk VIP
INC000000410129,05/12/2025 20:36,10,Service Desk L1
INC000000410131,12/12/2025 01:29,10,Service Desk L1
INC000000410145,27/12/2025 08:56,8,Service Desk L1
INC000000410184,10/12/2025 20:32,10,Service Desk L1
INC000000410188,12/12/2025 05:19,10,Service Desk L1
INC000000410192,17/12/2025 17:28,10,Service Desk L1
INC000000410196,21/12/2025 12:53,10,Service Desk L1
INC000000410197,31/12/2025 11:01,10,Service Desk L1
INC000000410205,17/12/2025 00:14,10,Service Desk L1
INC000000410220,13/12/2025 06:15,10,Service Desk L1
INC000000410236,04/12/2025 10:11,10,Service Desk L1
INC000000410255,26/12/2025 16:00,10,Service Desk L1
INC000000410260,28/12/2025 01:43,10,Service Desk L1
INC000000410266,16/12/2025 12:27,10,Service Desk L1
INC000000410270,26/12/2025 11:17,10,Service Desk Remote
INC000000410279,30/12/2025 23:32,10,Service Desk L1
INC000000410282,12/12/2025 01:10,10,Service Desk L1
INC000000410300,18/12/2025 02:13,10,Service Desk Remote
INC000000410337,31/12/2025 06:57,10,Service Desk Remote
INC000000410344,01/12/2025 22:16,2,Service Desk L1
INC000000410347,09/12/2025 17:03,4,Service Desk VIP
INC000000410349,18/12/2025 12:05,10,Service Desk Remote
INC000000410370,01/01/2026 13:51,10,Service Desk L1
INC000000410401,21/12/2025 01:20,10,Service Desk Remote
INC000000410403,06/12/2025 03:17,10,Service Desk L1
INC000000410458,23/12/2025 15:19,10,Service Desk VIP
INC000000410481,29/01/2026 09:29,10,Service Desk L1
INC000000410557,24/01/2026 17:33,10,Service Desk L1
INC000000410573,28/01/2026 16:10,10,Service Desk L1
INC000000410580,06/01/2026 12:14,6,Service Desk L1
INC000000410585,10/01/2026 03:49,10,Service Desk L1
INC000000410598,17/01/2026 03:26,10,Service Desk VIP
INC000000410615,14/01/2026 23:57,10,Service Desk VIP
INC000000410618,07/01/2026 20:01,10,Service Desk Remote
INC000000410635,15/01/2026 06:56,10,Service Desk L1
INC000000410642,03/01/2026 13:27,10,Service Desk L1
INC000000410665,17/01/2026 03:58,10,Service Desk L1
INC000000410673,05/01/2026 15:13,10,Service Desk L1
INC000000410686,22/01/2026 22:08,10,Service Desk L1
INC000000410731,23/01/2026 13:00,10,Service Desk VIP
INC000000410741,06/01/2026 10:15,10,Service Desk VIP
INC000000410759,07/01/2026 20:22,10,Service Desk L1
INC000000410777,27/01/2026 22:21,10,Service Desk L1
INC000000410784,28/01/2026 17:28,10,Service Desk L1
INC000000410785,04/01/2026 07:30,10,Service Desk L1
INC000000410787,04/01/2026 20:12,10,Service Desk VIP
INC000000410809,15/01/2026 05:59,4,Service Desk L1
INC000000410811,16/01/2026 10:16,10,Service Desk Remote
INC000000410816,16/01/2026 22:38,8,Service Desk L1
INC000000410828,16/01/2026 15:11,10,Service Desk L1
INC000000410835,08/01/2026 21:06,10,Service Desk Remote
INC000000410837,14/01/2026 17:52,8,Service Desk Remote
INC000000410839,28/01/2026 00:22,10,Service Desk VIP
INC000000410840,06/01/2026 16:16,10,Service Desk Remote
INC000000410844,06/01/2026 02:04,10,Service Desk L1
INC000000410845,22/01/2026 04:05,6,Service Desk Remote
INC000000410860,16/01/2026 01:16,10,Service Desk L1
INC000000410862,16/01/2026 19:11,10,Service Desk VIP
INC000000410870,13/01/2026 22:34,10,Service Desk Remote
INC000000410879,14/01/2026 04:30,10,Service Desk L1
INC000000410891,24/01/2026 08:29,10,Service Desk L1
INC000000410894,28/01/2026 19:21,10,Service Desk L1
INC000000410901,19/01/2026 20:06,10,Service Desk L1
INC000000410905,23/01/2026 15:36,8,Service Desk VIP
INC000000410916,13/01/2026 22:24,10,Service Desk L1
INC000000410922,29/01/2026 19:19,10,Service Desk L1
INC000000410932,08/01/2026 01:58,8,Service Desk L1
INC000000410951,13/01/2026 20:19,10,Service Desk L1
INC000000410957,12/01/2026 04:50,10,Service Desk L1
INC000000410961,20/01/2026 00:42,10,Service Desk L1
INC000000410963,04/01/2026 04:02,8,Service Desk L1
INC000000410973,08/01/2026 06:26,10,Service Desk L1
INC000000410984,27/01/2026 05:59,10,Service Desk L1
INC000000410992,12/01/2026 11:43,10,Service Desk Remote
INC000000411028,14/01/2026 05:14,10,Service Desk L1
INC000000411045,12/01/2026 23:07,10,Service Desk L1
INC000000411047,15/01/2026 05:48,10,Service Desk L1
INC000000411050,27/01/2026 03:44,10,Service Desk Remote
INC000000411060,27/01/2026 15:24,10,Service Desk Remote
INC000000411084,14/01/2026 15:35,10,Service Desk L1
INC000000411094,30/01/2026 03:00,10,Service Desk L1
INC000000411095,12/01/2026 14:51,8,Service Desk Remote
INC000000411107,10/01/2026 00:58,10,Service Desk L1
INC000000411129,27/01/2026 03:40,10,Service Desk L1
INC000000411151,16/01/2026 00:35,8,Service Desk L1
INC000000411172,10/01/2026 14:02,10,Service Desk L1
INC000000411175,14/01/2026 15:11,10,Service Desk L1
INC000000411176,17/01/2026 04:46,10,Service Desk Remote
INC000000411181,12/01/2026 22:35,10,Service Desk VIP
INC000000411187,25/01/2026 15:13,10,Service Desk L1
INC000000411245,11/01/2026 04:16,10,Service Desk L1
INC000000411250,17/01/2026 01:03,10,Service Desk L1
INC000000411264,22/01/2026 04:56,10,Service Desk L1
INC000000411313,21/01/2026 03:01,10,Service Desk VIP
INC000000411316,06/01/2026 12:49,10,Service Desk L1
INC000000411329,29/01/2026 11:32,10,Service Desk L1
INC000000411332,15/01/2026 11:47,10,Service Desk Remote
INC000000411335,16/01/2026 01:02,10,Service Desk L1
INC000000411394,26/01/2026 23:15,10,Service Desk Remote
INC000000411406,21/01/2026 23:55,10,Service Desk Remote
INC000000411412,29/01/2026 05:34,10,Service Desk L1
INC000000411434,20/01/2026 01:29,10,Service Desk Remote
INC000000411450,28/01/2026 00:30,10,Service Desk L1
INC000000411456,27/01/2026 15:23,10,Service Desk VIP
INC000000411462,14/01/2026 07:09,10,Service Desk L1
INC000000411477,28/01/2026 16:16,10,Service Desk L1
INC000000411492,19/01/2026 14:11,2,Service Desk Remote
INC000000411503,09/01/2026 16:31,10,Service Desk L1
INC000000411504,03/01/2026 02:57,10,Service Desk L1
INC000000411537,07/01/2026 10:36,10,Service Desk Remote
INC000000411550,09/01/2026 05:38,10,Service Desk L1
INC000000411562,15/01/2026 04:10,10,Service Desk L1
INC000000411569,25/01/2026 18:40,10,Service Desk L1
INC000000411597,30/01/2026 00:19,10,Service Desk L1
INC000000411657,27/01/2026 12:33,10,Service Desk L1
INC000000411675,07/01/2026 08:54,10,Service Desk L1
INC000000411682,01/01/2026 21:39,10,Service Desk Remote
INC000000411687,24/01/2026 05:56,10,Service Desk Remote
INC000000411709,15/01/2026 05:22,10,Service Desk Remote
INC000000411710,28/01/2026 08:23,10,Service Desk Remote
INC000000411715,09/01/2026 19:31,10,Service Desk L1
INC000000411716,22/01/2026 03:52,10,Service Desk Remote
INC000000411724,21/01/2026 02:28,8,Service Desk L1
INC000000411728,13/01/2026 19:41,10,Service Desk L1
INC000000411745,04/01/2026 18:23,10,Service Desk L1
INC000000411750,28/01/2026 08:47,10,Service Desk L1
INC000000411786,22/01/2026 16:24,10,Service Desk L1
INC000000411790,29/01/2026 18:53,10,Service Desk VIP
INC000000411861,21/01/2026 07:48,10,Service Desk L1
INC000000411886,24/01/2026 13:28,10,Service Desk L1
INC000000411896,22/01/2026 18:03,10,Service Desk L1
INC000000411899,12/01/2026 16:43,10,Service Desk L1
INC000000411929,20/01/2026 16:03,10,Service Desk L1
INC000000411963,14/01/2026 14:09,4,Service Desk L1
INC000000411969,22/01/2026 16:36,10,Service Desk VIP
INC000000411979,25/01/2026 15:51,10,Service Desk VIP
INC000000411994,25/01/2026 09:41,10,Service Desk Remote
INC000000411997,09/01/2026 10:48,6,Service Desk L1
INC000000412000,24/01/2026 11:16,10,Service Desk L1
INC000000412006,02/01/2026 16:48,10,Service Desk L1
INC000000412008,14/01/2026 16:49,10,Service Desk L1
INC000000412014,17/01/2026 04:10,10,Service Desk VIP
INC000000412025,22/01/2026 05:11,10,Service Desk L1
INC000000412052,14/01/2026 06:30,8,Service Desk VIP
INC000000412068,14/01/2026 11:58,10,Service Desk VIP
INC000000412074,25/01/2026 03:14,10,Service Desk Remote
INC000000412079,09/01/2026 21:19,10,Service Desk Remote
INC000000412084,09/01/2026 07:55,10,Service Desk L1
INC000000412092,29/01/2026 22:58,10,Service Desk L1
INC000000412101,27/01/2026 20:41,10,Service Desk L1
INC000000412107,10/01/2026 22:54,10,Service Desk Remote
INC000000412128,10/01/2026 05:46,10,Service Desk Remote
INC000000412138,29/01/2026 22:05,10,Service Desk L1
INC000000412153,14/01/2026 09:58,10,Service Desk L1
INC000000412163,17/01/2026 20:36,10,Service Desk Remote
INC000000412169,13/01/2026 23:21,10,Service Desk Remote
INC000000412170,05/01/2026 14:56,10,Service Desk Remote
INC000000412176,16/01/2026 07:28,8,Service Desk L1
INC000000412187,08/01/2026 21:16,10,Service Desk L1
INC000000412199,28/01/2026 09:24,2,Service Desk Remote
INC000000412204,07/01/2026 22:53,10,Service Desk L1
INC000000412209,29/01/2026 00:09,10,Service Desk VIP
INC000000412218,07/01/2026 18:26,10,Service Desk L1
INC000000412230,07/01/2026 12:14,10,Service Desk Remote
INC000000412296,19/01/2026 00:59,10,Service Desk Remote
INC000000412327,27/01/2026 05:32,10,Service Desk VIP
INC000000412334,28/01/2026 17:25,10,Service Desk L1
INC000000412388,06/01/2026 01:44,10,Service Desk L1
INC000000412391,09/01/2026 19:01,8,Service Desk L1
INC000000412397,20/01/2026 08:57,2,Service Desk L1
INC000000412418,21/01/2026 23:31,10,Service Desk Remote
INC000000412421,15/01/2026 14:33,8,Service Desk L1
INC000000412434,28/01/2026 11:51,10,Service Desk Remote
INC000000412454,20/01/2026 10:33,10,Service Desk Remote
INC000000412457,01/01/2026 14:57,10,Service Desk L1
INC000000412466,23/01/2026 04:15,10,Service Desk L1
INC000000412503,02/01/2026 14:57,8,Service Desk L1
INC000000412519,29/01/2026 16:13,10,Service Desk L1
INC000000412526,29/01/2026 13:51,10,Service Desk VIP
INC000000412556,15/01/2026 01:21,10,Service Desk L1
INC000000412573,20/01/2026 21:36,8,Service Desk L1
INC000000412576,23/01/2026 23:00,10,Service Desk L1
INC000000412577,14/01/2026 07:25,10,Service Desk VIP
INC000000412602,17/01/2026 07:45,10,Service Desk VIP
INC000000412636,03/01/2026 00:23,10,Service Desk L1
INC000000412649,28/02/2026 01:02,10,Service Desk Remote
INC000000412656,28/02/2026 00:46,10,Service Desk Remote
INC000000412676,06/02/2026 21:33,10,Service Desk L1
INC000000412708,05/02/2026 12:19,10,Service Desk L1
INC000000412712,09/02/2026 10:38,10,Service Desk VIP
INC000000412748,20/02/2026 19:01,8,Service Desk Remote
INC000000412753,24/02/2026 10:50,10,Service Desk L1
INC000000412790,03/02/2026 13:48,10,Service Desk L1
INC000000412811,26/02/2026 12:25,10,Service Desk L1
INC000000412830,12/02/2026 15:36,10,Service Desk Remote
INC000000412831,25/02/2026 21:20,10,Service Desk VIP
INC000000412833,26/02/2026 09:57,10,Service Desk L1
INC000000412850,18/02/2026 22:13,10,Service Desk L1
INC000000412878,01/03/2026 02:36,10,Service Desk VIP
INC000000412886,06/02/2026 20:20,10,Service Desk L1
INC000000412890,19/02/2026 13:01,10,Service Desk Remote
INC000000412893,10/02/2026 20:39,6,Service Desk L1
INC000000412910,06/02/2026 05:20,10,Service Desk L1
INC000000412917,11/02/2026 18:48,10,Service Desk Remote
INC000000412934,11/02/2026 08:45,6,Service Desk Remote
INC000000412948,01/03/2026 08:21,10,Service Desk L1
INC000000412961,09/02/2026 06:40,10,Service Desk L1
INC000000412962,14/02/2026 02:53,10,Service Desk L1
INC000000412985,19/02/2026 05:15,10,Service Desk Remote
INC000000412987,05/02/2026 19:58,8,Service Desk VIP
INC000000412990,24/02/2026 20:46,10,Service Desk Remote
INC000000412997,10/02/2026 14:24,10,Service Desk VIP
INC000000413000,19/02/2026 08:30,10,Service Desk L1
INC000000413015,20/02/2026 10:32,10,Service Desk VIP
INC000000413025,04/02/2026 20:52,10,Service Desk L1
INC000000413027,13/02/2026 16:02,10,Service Desk L1
INC000000413036,10/02/2026 05:19,10,Service Desk L1
INC000000413057,24/02/2026 04:05,10,Service Desk Remote
INC000000413060,04/02/2026 01:14,10,Service Desk L1
INC000000413066,25/02/2026 05:12,10,Service Desk Remote
INC000000413085,06/02/2026 03:15,10,Service Desk Remote
INC000000413088,27/02/2026 12:04,10,Service Desk VIP
INC000000413114,11/02/2026 09:50,8,Service Desk L1
INC000000413140,25/02/2026 18:12,10,Service Desk L1
INC000000413149,01/03/2026 20:22,10,Service Desk VIP
INC000000413156,02/02/2026 17:33,10,Service Desk VIP
INC000000413173,07/02/2026 15:23,10,Service Desk L1
INC000000413178,14/02/2026 00:40,10,Service Desk L1
INC000000413190,13/02/2026 23:53,10,Service Desk L1
INC000000413232,09/02/2026 09:24,8,Service Desk L1
INC000000413256,18/02/2026 23:59,10,Service Desk L1
INC000000413261,20/02/2026 18:14,10,Service Desk VIP
INC000000413269,19/02/2026 21:33,8,Service Desk L1
INC000000413270,17/02/2026 01:23,8,Service Desk VIP
INC000000413271,05/02/2026 04:50,10,Service Desk L1
INC000000413274,11/02/2026 02:12,10,Service Desk L1
INC000000413302,12/02/2026 09:23,10,Service Desk VIP
INC000000413304,23/02/2026 09:55,10,Service Desk VIP
INC000000413312,04/02/2026 09:44,8,Service Desk VIP
INC000000413336,07/02/2026 10:16,10,Service Desk L1
INC000000413340,11/02/2026 00:43,10,Service Desk L1
INC000000413354,25/02/2026 19:38,10,Service Desk L1
INC000000413390,07/02/2026 20:05,10,Service Desk VIP
INC000000413392,11/02/2026 08:05,10,Service Desk L1
INC000000413398,25/02/2026 16:18,10,Service Desk L1
INC000000413417,19/02/2026 06:44,10,Service Desk L1
INC000000413451,10/02/2026 15:49,10,Service Desk L1
INC000000413467,27/02/2026 14:06,10,Service Desk L1
INC000000413492,12/02/2026 07:26,10,Service Desk L1
INC000000413514,11/02/2026 04:21,6,Service Desk VIP
INC000000413527,14/02/2026 03:16,8,Service Desk Remote
INC000000413529,09/02/2026 11:37,8,Service Desk VIP
INC000000413531,11/02/2026 20:55,10,Service Desk L1
INC000000413542,20/02/2026 05:56,10,Service Desk VIP
INC000000413544,27/02/2026 21:10,10,Service Desk VIP
INC000000413548,18/02/2026 20:11,8,Service Desk Remote
INC000000413563,28/02/2026 11:59,10,Service Desk L1
INC000000413565,27/02/2026 09:19,10,Service Desk Remote
INC000000413569,07/02/2026 07:14,2,Service Desk Remote
INC000000413588,19/02/2026 10:47,8,Service Desk L1
INC000000413591,08/02/2026 10:14,10,Service Desk VIP
INC000000413606,08/02/2026 05:03,10,Service Desk VIP
INC000000413627,01/03/2026 04:05,10,Service Desk Remote
INC000000413636,06/02/2026 04:58,10,Service Desk L1
INC000000413639,19/02/2026 05:19,10,Service Desk VIP
INC000000413642,15/02/2026 08:54,10,Service Desk Remote
INC000000413649,04/02/2026 10:27,10,Service Desk Remote
INC000000413650,05/03/2026 13:14,10,Service Desk L1
INC000000413659,06/02/2026 16:12,8,Service Desk Remote
INC000000413662,22/02/2026 19:15,10,Service Desk Remote
INC000000413690,13/02/2026 09:58,10,Service Desk Remote
INC000000413693,05/02/2026 03:10,8,Service Desk L1
INC000000413699,17/02/2026 14:06,10,Service Desk VIP
INC000000413722,23/02/2026 15:35,10,Service Desk L1
INC000000413736,03/03/2026 11:01,10,Service Desk L1
INC000000413758,24/02/2026 08:34,10,Service Desk L1
INC000000413772,06/02/2026 09:00,10,Service Desk Remote
INC000000413785,04/02/2026 11:37,10,Service Desk L1
INC000000413808,09/02/2026 14:59,10,Service Desk L1
INC000000413810,25/02/2026 19:17,10,Service Desk Remote
INC000000413811,15/02/2026 20:34,10,Service Desk Remote
INC000000413816,01/03/2026 01:57,10,Service Desk L1
INC000000413823,25/02/2026 13:29,10,Service Desk Remote
INC000000413829,01/03/2026 00:45,10,Service Desk L1
INC000000413831,07/02/2026 02:54,10,Service Desk L1
INC000000413845,09/02/2026 23:40,10,Service Desk VIP
INC000000413863,18/02/2026 11:37,10,Service Desk Remote
INC000000413872,11/02/2026 16:13,8,Service Desk L1
INC000000413878,14/02/2026 07:37,10,Service Desk L1
INC000000413884,05/02/2026 20:59,10,Service Desk Remote
INC000000413900,16/02/2026 02:21,10,Service Desk VIP
INC000000413902,08/02/2026 22:46,10,Service Desk VIP
INC000000413917,12/02/2026 01:08,10,Service Desk L1
INC000000413921,24/02/2026 16:27,10,Service Desk L1
INC000000413922,04/02/2026 19:16,10,Service Desk L1
INC000000413934,11/02/2026 04:24,8,Service Desk L1
INC000000413960,16/02/2026 22:42,10,Service Desk L1
INC000000413961,12/02/2026 03:48,10,Service Desk VIP
INC000000413963,25/02/2026 17:51,10,Service Desk VIP
INC000000413968,25/02/2026 18:41,10,Service Desk Remote
INC000000413983,18/02/2026 01:03,10,Service Desk L1
INC000000414014,24/02/2026 08:33,10,Service Desk Remote
INC000000414051,21/02/2026 01:57,10,Service Desk L1
INC000000414057,05/02/2026 01:38,10,Service Desk L1
INC000000414061,27/02/2026 02:50,10,Service Desk L1
INC000000414070,20/02/2026 23:43,10,Service Desk L1
INC000000414090,03/02/2026 11:00,10,Service Desk L1
INC000000414101,25/02/2026 11:02,10,Service Desk L1
INC000000414106,01/03/2026 20:39,10,Service Desk L1
INC000000414112,07/02/2026 02:55,10,Service Desk Remote
INC000000414139,18/02/2026 15:32,10,Service Desk VIP
INC000000414177,23/02/2026 16:00,10,Service Desk L1
INC000000414183,20/02/2026 19:04,10,Service Desk L1
INC000000414190,05/02/2026 02:59,8,Service Desk L1
INC000000414194,04/02/2026 20:22,10,Service Desk L1
INC000000414201,24/02/2026 04:31,10,Service Desk L1
INC000000414257,17/02/2026 22:27,10,Service Desk L1
INC000000414274,06/02/2026 00:55,10,Service Desk L1
INC000000414279,18/02/2026 19:43,10,Service Desk VIP
INC000000414286,05/02/2026 02:57,10,Service Desk L1
INC000000414293,16/02/2026 05:09,10,Service Desk L1
INC000000414315,12/02/2026 21:17,6,Service Desk Remote
INC000000414322,10/02/2026 23:30,10,Service Desk L1
INC000000414336,19/02/2026 00:54,8,Service Desk L1
INC000000414367,20/02/2026 10:17,8,Service Desk VIP
INC000000414405,17/02/2026 01:14,10,Service Desk VIP
INC000000414407,12/02/2026 20:58,10,Service Desk L1
INC000000414420,25/02/2026 10:24,10,Service Desk Remote
INC000000414422,21/02/2026 17:35,10,Service Desk L1
INC000000414426,03/02/2026 15:52,10,Service Desk L1
INC000000414433,05/02/2026 07:34,10,Service Desk L1
INC000000414445,02/02/2026 15:24,10,Service Desk L1
INC000000414450,05/02/2026 14:48,10,Service Desk L1
INC000000414465,18/02/2026 04:07,10,Service Desk L1
INC000000414498,17/02/2026 18:51,10,Service Desk VIP
INC000000414539,11/02/2026 02:27,10,Service Desk VIP
INC000000414571,20/02/2026 12:34,10,Service Desk L1
INC000000414578,03/03/2026 11:47,10,Service Desk L1
INC000000414589,04/03/2026 01:20,2,Service Desk L1
INC000000414603,06/02/2026 19:41,10,Service Desk L1
INC000000414608,19/02/2026 04:00,10,Service Desk VIP
INC000000414650,13/02/2026 09:38,10,Service Desk Remote
INC000000414668,24/02/2026 10:10,10,Service Desk L1
INC000000414677,08/02/2026 00:35,10,Service Desk VIP
INC000000414680,04/02/2026 21:11,10,Service Desk L1
INC000000414706,04/02/2026 07:04,2,Service Desk L1
INC000000414734,27/02/2026 06:37,10,Service Desk L1
INC000000414744,25/02/2026 19:22,10,Service Desk VIP
INC000000414750,02/02/2026 20:17,10,Service Desk L1
INC000000414756,11/02/2026 04:01,10,Service Desk L1
INC000000414763,25/02/2026 04:54,10,Service Desk L1
INC000000414780,28/02/2026 02:41,10,Service Desk L1
INC000000414789,03/02/2026 14:57,10,Service Desk L1
INC000000414794,05/02/2026 01:18,8,Service Desk L1
INC000000414814,27/02/2026 01:32,10,Service Desk L1
INC000000414815,23/02/2026 14:54,10,Service Desk VIP
INC000000414817,07/02/2026 23:41,10,Service Desk VIP
INC000000414820,12/02/2026 13:57,6,Service Desk Remote
INC000000414840,05/02/2026 09:27,10,Service Desk L1
INC000000414853,05/03/2026 10:03,10,Service Desk L1
INC000000414858,16/03/2026 10:32,10,Service Desk L1
INC000000414881,11/03/2026 02:19,10,Service Desk VIP
INC000000414891,15/03/2026 06:56,10,Service Desk VIP
INC000000414909,23/03/2026 17:26,10,Service Desk L1
INC000000414941,26/03/2026 23:18,2,Service Desk VIP
INC000000414949,04/03/2026 12:45,10,Service Desk VIP
INC000000414989,19/03/2026 03:00,10,Service Desk VIP
INC000000415022,18/03/2026 19:14,10,Service Desk L1
INC000000415038,27/03/2026 18:23,10,Service Desk L1
INC000000415068,10/03/2026 15:48,10,Service Desk L1
INC000000415069,23/03/2026 22:38,10,Service Desk VIP
INC000000415071,24/03/2026 17:44,10,Service Desk VIP
INC000000415077,12/03/2026 11:53,10,Service Desk L1
INC000000415091,07/03/2026 01:46,10,Service Desk L1
INC000000415116,26/03/2026 14:52,10,Service Desk L1
INC000000415126,21/03/2026 06:32,10,Service Desk VIP
INC000000415142,15/03/2026 19:14,10,Service Desk Remote
INC000000415154,24/03/2026 19:09,10,Service Desk L1
INC000000415168,22/03/2026 09:44,10,Service Desk L1
INC000000415171,26/03/2026 03:09,10,Service Desk Remote
INC000000415190,26/03/2026 12:37,10,Service Desk L1
INC000000415192,18/03/2026 19:48,10,Service Desk L1
INC000000415210,20/03/2026 01:17,8,Service Desk Remote
INC000000415215,02/03/2026 18:19,10,Service Desk L1
INC000000415216,19/03/2026 11:20,10,Service Desk L1
INC000000415217,25/03/2026 01:42,10,Service Desk VIP
INC000000415275,10/03/2026 21:37,10,Service Desk L1
INC000000415281,08/03/2026 08:06,8,Service Desk VIP
INC000000415288,12/03/2026 00:04,10,Service Desk L1
INC000000415291,18/03/2026 18:55,10,Service Desk L1
INC000000415316,18/03/2026 07:46,10,Service Desk L1
INC000000415360,11/03/2026 18:53,10,Service Desk L1
INC000000415364,10/03/2026 07:45,10,Service Desk Remote
INC000000415387,07/03/2026 04:13,10,Service Desk Remote
INC000000415392,28/03/2026 09:08,10,Service Desk VIP
INC000000415396,18/03/2026 06:21,10,Service Desk Remote
INC000000415403,21/03/2026 19:39,10,Service Desk VIP
INC000000415417,07/03/2026 16:02,10,Service Desk Remote
INC000000415425,21/03/2026 03:47,10,Service Desk L1
INC000000415451,27/03/2026 15:36,10,Service Desk VIP
INC000000415453,10/03/2026 18:19,10,Service Desk L1
INC000000415458,11/03/2026 13:49,10,Service Desk Remote
INC000000415484,12/03/2026 06:14,10,Service Desk L1
INC000000415495,04/03/2026 03:56,10,Service Desk L1
INC000000415511,18/03/2026 03:06,10,Service Desk L1
INC000000415516,28/03/2026 06:47,10,Service Desk L1
INC000000415547,12/03/2026 13:24,10,Service Desk Remote
INC000000415548,11/03/2026 10:55,10,Service Desk L1
INC000000415562,23/03/2026 05:46,8,Service Desk L1
INC000000415577,10/03/2026 13:24,10,Service Desk L1
INC000000415589,20/03/2026 03:25,10,Service Desk L1
INC000000415591,11/03/2026 07:16,10,Service Desk L1
INC000000415600,13/03/2026 00:36,10,Service Desk Remote
INC000000415605,12/03/2026 11:35,10,Service Desk Remote
INC000000415611,03/03/2026 06:40,10,Service Desk Remote
INC000000415615,21/03/2026 16:23,8,Service Desk L1
INC000000415617,13/03/2026 12:11,8,Service Desk L1
INC000000415625,28/03/2026 19:33,10,Service Desk Remote
INC000000415638,28/03/2026 20:46,10,Service Desk L1
INC000000415643,23/03/2026 21:30,10,Service Desk L1
INC000000415665,26/03/2026 04:44,10,Service Desk L1
INC000000415666,15/03/2026 23:55,10,Service Desk VIP
INC000000415702,26/03/2026 14:30,10,Service Desk L1
INC000000415716,11/03/2026 17:19,10,Service Desk L1
INC000000415757,27/03/2026 16:07,10,Service Desk VIP
INC000000415763,02/04/2026 09:45,10,Service Desk L1
INC000000415769,05/03/2026 23:15,10,Service Desk L1
INC000000415790,12/03/2026 11:53,8,Service Desk Remote
INC000000415803,27/03/2026 17:33,10,Service Desk L1
INC000000415805,25/03/2026 00:52,10,Service Desk L1
INC000000415836,26/03/2026 21:16,8,Service Desk L1
INC000000415837,04/03/2026 22:17,10,Service Desk L1
INC000000415852,30/03/2026 01:52,8,Service Desk Remote
INC000000415854,16/03/2026 04:49,8,Service Desk L1
INC000000415877,19/03/2026 09:36,10,Service Desk L1
INC000000415894,08/03/2026 22:40,10,Service Desk VIP
INC000000415902,17/03/2026 12:41,10,Service Desk Remote
INC000000415922,09/03/2026 18:29,10,Service Desk L1
INC000000415928,01/04/2026 00:43,10,Service Desk L1
INC000000415958,11/03/2026 08:28,10,Service Desk Remote
INC000000415983,31/03/2026 06:56,8,Service Desk Remote
INC000000416001,19/03/2026 00:33,10,Service Desk L1
INC000000416006,25/03/2026 02:22,10,Service Desk VIP
INC000000416007,19/03/2026 15:33,10,Service Desk L1
INC000000416017,25/03/2026 20:52,10,Service Desk L1
INC000000416024,18/03/2026 05:10,10,Service Desk L1
INC000000416039,07/03/2026 23:25,10,Service Desk L1
INC000000416040,23/03/2026 05:01,10,Service Desk L1
INC000000416041,21/03/2026 06:32,10,Service Desk L1
INC000000416043,28/03/2026 03:28,10,Service Desk L1
INC000000416080,05/03/2026 03:14,10,Service Desk L1
INC000000416088,13/03/2026 04:25,10,Service Desk L1
INC000000416119,04/03/2026 10:07,6,Service Desk L1
INC000000416123,14/03/2026 03:20,10,Service Desk VIP
INC000000416125,20/03/2026 23:29,10,Service Desk Remote
INC000000416131,24/03/2026 03:44,6,Service Desk Remote
INC000000416165,10/03/2026 05:15,10,Service Desk Remote
INC000000416176,14/03/2026 01:45,10,Service Desk L1
INC000000416194,20/03/2026 17:46,8,Service Desk Remote
INC000000416197,03/03/2026 05:52,10,Service Desk L1
INC000000416200,18/03/2026 13:07,10,Service Desk L1
INC000000416218,07/03/2026 14:29,10,Service Desk VIP
INC000000416234,28/03/2026 12:25,10,Service Desk L1
INC000000416237,29/03/2026 06:42,6,Service Desk L1
INC000000416256,17/03/2026 03:51,10,Service Desk L1
INC000000416259,19/03/2026 03:36,10,Service Desk L1
INC000000416277,03/03/2026 10:10,10,Service Desk L1
INC000000416279,24/03/2026 09:59,10,Service Desk VIP
INC000000416281,19/03/2026 10:39,10,Service Desk Remote
INC000000416283,12/03/2026 14:08,10,Service Desk L1
INC000000416286,09/03/2026 22:52,10,Service Desk VIP
INC000000416288,08/03/2026 14:37,10,Service Desk L1
INC000000416289,18/03/2026 10:37,8,Service Desk L1
INC000000416298,29/03/2026 19:48,10,Service Desk L1
INC000000416301,25/03/2026 17:00,10,Service Desk Remote
INC000000416343,16/03/2026 20:36,4,Service Desk VIP
INC000000416364,21/03/2026 21:04,10,Service Desk VIP
INC000000416384,21/03/2026 07:41,10,Service Desk L1
INC000000416405,10/03/2026 05:35,8,Service Desk Remote
INC000000416424,26/03/2026 03:28,10,Service Desk L1
INC000000416431,03/03/2026 22:51,8,Service Desk Remote
INC000000416437,29/03/2026 05:45,10,Service Desk L1
INC000000416470,19/03/2026 07:40,10,Service Desk VIP
INC000000416472,03/03/2026 02:12,10,Service Desk L1
INC000000416474,11/03/2026 15:47,10,Service Desk Remote
INC000000416483,14/03/2026 03:50,2,Service Desk L1
INC000000416499,20/03/2026 23:09,2,Service Desk Remote
INC000000416512,04/03/2026 10:12,10,Service Desk L1
INC000000416520,12/03/2026 00:54,10,Service Desk Remote
INC000000416524,10/03/2026 10:14,10,Service Desk L1
INC000000416529,16/03/2026 16:37,10,Service Desk L1
INC000000416535,28/03/2026 10:11,10,Service Desk L1
INC000000416538,03/03/2026 02:31,10,Service Desk VIP
INC000000416540,12/03/2026 12:04,10,Service Desk Remote
INC000000416553,04/03/2026 10:18,10,Service Desk L1
INC000000416555,17/03/2026 10:53,10,Service Desk VIP
INC000000416564,15/03/2026 20:01,10,Service Desk L1
INC000000416566,04/03/2026 20:49,10,Service Desk L1
INC000000416580,03/03/2026 18:25,10,Service Desk L1
INC000000416586,18/03/2026 04:41,10,Service Desk VIP
INC000000416593,14/03/2026 08:27,10,Service Desk L1
INC000000416601,30/03/2026 19:37,8,Service Desk L1
INC000000416604,09/03/2026 21:36,10,Service Desk VIP
INC000000416642,05/03/2026 08:35,10,Service Desk L1
INC000000416647,04/03/2026 08:27,10,Service Desk Remote
INC000000416654,10/03/2026 17:34,10,Service Desk L1
INC000000416660,17/03/2026 00:26,10,Service Desk L1
INC000000416674,23/03/2026 10:46,10,Service Desk L1
INC000000416677,18/03/2026 09:49,10,Service Desk L1
INC000000416684,25/03/2026 19:44,10,Service Desk Remote
INC000000416687,22/03/2026 09:52,10,Service Desk Remote
INC000000416693,11/03/2026 13:26,10,Service Desk L1
INC000000416702,10/03/2026 17:40,10,Service Desk L1
INC000000416726,06/03/2026 18:43,10,Service Desk L1
INC000000416734,17/03/2026 10:22,10,Service Desk L1
INC000000416759,18/03/2026 13:26,6,Service Desk L1
INC000000416779,17/03/2026 12:09,8,Service Desk L1
INC000000416784,26/03/2026 10:36,10,Service Desk Remote
INC000000416800,26/03/2026 22:53,6,Service Desk Remote
INC000000416804,27/03/2026 19:34,10,Service Desk L1
INC000000416819,28/03/2026 20:23,10,Service Desk L1
INC000000416831,12/03/2026 11:19,10,Service Desk L1
INC000000416840,01/05/2026 01:51,10,Service Desk L1
INC000000416847,07/04/2026 04:29,6,Service Desk L1
INC000000416857,16/04/2026 06:55,10,Service Desk L1
INC000000416913,30/04/2026 02:14,10,Service Desk L1
INC000000416926,29/04/2026 19:36,10,Service Desk L1
INC000000416974,20/04/2026 19:14,10,Service Desk Remote
INC000000416976,15/04/2026 03:36,10,Service Desk VIP
INC000000416997,19/04/2026 02:29,10,Service Desk VIP
INC000000417011,12/04/2026 12:50,10,Service Desk VIP
INC000000417012,23/04/2026 08:57,10,Service Desk L1
INC000000417015,04/04/2026 20:25,10,Service Desk L1
INC000000417022,18/04/2026 22:36,10,Service Desk L1
INC000000417035,14/04/2026 03:54,10,Service Desk L1
INC000000417054,15/04/2026 09:22,10,Service Desk L1
INC000000417083,07/04/2026 18:25,10,Service Desk L1
INC000000417088,22/04/2026 05:43,10,Service Desk VIP
INC000000417104,26/04/2026 13:10,10,Service Desk L1
INC000000417107,10/04/2026 03:57,10,Service Desk L1
INC000000417125,05/04/2026 10:33,8,Service Desk VIP
INC000000417126,09/04/2026 03:59,10,Service Desk L1
INC000000417138,15/04/2026 18:25,10,Service Desk L1
INC000000417155,12/04/2026 12:19,10,Service Desk Remote
INC000000417177,28/04/2026 01:48,10,Service Desk L1
INC000000417189,16/04/2026 03:27,10,Service Desk VIP
INC000000417207,24/04/2026 18:22,10,Service Desk L1
INC000000417214,12/04/2026 00:25,10,Service Desk L1
INC000000417230,25/04/2026 09:23,10,Service Desk L1
INC000000417262,10/04/2026 08:17,10,Service Desk L1
INC000000417266,18/04/2026 09:35,8,Service Desk L1
INC000000417318,30/04/2026 05:43,8,Service Desk Remote
INC000000417345,09/04/2026 13:52,10,Service Desk L1
INC000000417352,09/04/2026 20:31,10,Service Desk L1
INC000000417353,25/04/2026 08:23,10,Service Desk L1
INC000000417359,16/04/2026 13:17,4,Service Desk L1
INC000000417362,09/04/2026 09:58,10,Service Desk VIP
INC000000417372,22/04/2026 20:29,4,Service Desk L1
INC000000417384,09/04/2026 00:02,10,Service Desk L1
INC000000417387,18/04/2026 04:44,10,Service Desk L1
INC000000417390,27/04/2026 20:25,10,Service Desk L1
INC000000417392,13/04/2026 01:12,10,Service Desk VIP
INC000000417401,28/04/2026 15:28,10,Service Desk Remote
INC000000417414,23/04/2026 13:00,10,Service Desk Remote
INC000000417426,15/04/2026 16:54,10,Service Desk L1
INC000000417427,27/04/2026 16:41,10,Service Desk L1
INC000000417431,01/05/2026 01:31,10,Service Desk L1
INC000000417433,07/04/2026 11:26,10,Service Desk Remote
INC000000417452,28/04/2026 21:30,10,Service Desk L1
INC000000417466,17/04/2026 15:20,8,Service Desk Remote
INC000000417469,15/04/2026 03:27,10,Service Desk L1
INC000000417478,07/04/2026 23:48,10,Service Desk L1
INC000000417486,08/04/2026 17:35,8,Service Desk L1
INC000000417501,02/04/2026 16:45,10,Service Desk L1
INC000000417518,21/04/2026 13:44,10,Service Desk L1
INC000000417528,18/04/2026 17:38,10,Service Desk VIP
INC000000417544,26/04/2026 23:39,6,Service Desk Remote
INC000000417564,16/04/2026 22:38,10,Service Desk L1
INC000000417590,24/04/2026 14:23,10,Service Desk Remote
INC000000417599,30/04/2026 08:54,10,Service Desk VIP
INC000000417601,06/04/2026 03:33,10,Service Desk VIP
INC000000417605,30/04/2026 03:46,10,Service Desk L1
INC000000417619,07/04/2026 17:54,10,Service Desk VIP
INC000000417640,18/04/2026 04:32,10,Service Desk L1
INC000000417642,09/04/2026 16:52,4,Service Desk L1
INC000000417651,14/04/2026 21:32,8,Service Desk Remote
INC000000417654,15/04/2026 13:54,10,Service Desk L1
INC000000417664,07/04/2026 01:43,10,Service Desk L1
INC000000417716,14/04/2026 15:09,10,Service Desk L1
INC000000417726,29/04/2026 09:26,10,Service Desk L1
INC000000417732,14/04/2026 18:40,10,Service Desk L1
INC000000417735,05/04/2026 23:26,10,Service Desk VIP
INC000000417738,30/04/2026 23:04,10,Service Desk L1
INC000000417755,04/04/2026 11:38,8,Service Desk L1
INC000000417760,23/04/2026 10:45,10,Service Desk L1
INC000000417763,19/04/2026 21:37,8,Service Desk L1
INC000000417769,25/04/2026 16:36,10,Service Desk L1
INC000000417774,15/04/2026 08:24,10,Service Desk L1
INC000000417783,08/04/2026 16:18,10,Service Desk L1
INC000000417796,10/04/2026 12:24,10,Service Desk L1
INC000000417814,18/04/2026 03:56,10,Service Desk Remote
INC000000417836,14/04/2026 01:08,10,Service Desk L1
INC000000417855,18/04/2026 07:54,8,Service Desk VIP
INC000000417875,09/04/2026 15:53,10,Service Desk L1
INC000000417876,16/04/2026 20:46,10,Service Desk L1
INC000000417898,16/04/2026 16:21,10,Service Desk VIP
INC000000417904,08/04/2026 12:53,10,Service Desk L1
INC000000417912,03/04/2026 21:20,10,Service Desk Remote
INC000000417917,04/04/2026 12:04,10,Service Desk L1
INC000000417934,30/04/2026 11:26,10,Service Desk L1
INC000000417935,01/04/2026 13:55,10,Service Desk VIP
INC000000417937,16/04/2026 03:55,10,Service Desk L1
INC000000417951,04/04/2026 18:18,10,Service Desk L1
INC000000417992,22/04/2026 00:53,10,Service Desk L1
INC000000417993,21/04/2026 17:46,10,Service Desk L1
INC000000418015,10/04/2026 07:09,10,Service Desk Remote
INC000000418017,15/04/2026 22:13,10,Service Desk L1
INC000000418052,25/04/2026 13:20,10,Service Desk Remote
INC000000418063,04/04/2026 18:39,10,Service Desk L1
INC000000418072,15/04/2026 08:19,10,Service Desk VIP
INC000000418099,19/04/2026 05:22,10,Service Desk Remote
INC000000418100,24/04/2026 07:14,10,Service Desk L1
INC000000418102,30/04/2026 20:24,10,Service Desk VIP
INC000000418124,19/04/2026 03:41,10,Service Desk Remote
INC000000418125,07/04/2026 07:36,8,Service Desk L1
INC000000418140,15/04/2026 03:58,10,Service Desk L1
INC000000418160,29/04/2026 07:46,10,Service Desk L1
INC000000418162,09/04/2026 03:45,10,Service Desk L1
INC000000418182,18/04/2026 07:53,10,Service Desk L1
INC000000418184,03/04/2026 19:57,10,Service Desk L1
INC000000418202,12/04/2026 07:51,10,Service Desk VIP
INC000000418206,22/04/2026 22:46,10,Service Desk L1
INC000000418215,11/04/2026 09:06,8,Service Desk VIP
INC000000418228,29/04/2026 16:38,10,Service Desk L1
INC000000418240,15/04/2026 11:31,10,Service Desk L1
INC000000418244,27/04/2026 16:56,10,Service Desk L1
INC000000418258,11/04/2026 00:53,10,Service Desk L1
INC000000418266,05/04/2026 00:28,8,Service Desk VIP
INC000000418272,23/04/2026 12:10,10,Service Desk L1
INC000000418279,07/04/2026 19:25,10,Service Desk L1
INC000000418297,30/04/2026 09:19,10,Service Desk L1
INC000000418314,09/04/2026 15:37,10,Service Desk L1
INC000000418324,21/04/2026 05:23,10,Service Desk L1
INC000000418331,11/04/2026 09:44,10,Service Desk Remote
INC000000418334,08/04/2026 19:19,10,Service Desk Remote
INC000000418344,22/04/2026 18:19,10,Service Desk L1
INC000000418347,28/04/2026 23:09,10,Service Desk L1
INC000000418357,16/04/2026 08:54,10,Service Desk Remote
INC000000418386,06/04/2026 17:47,10,Service Desk L1
INC000000418391,25/04/2026 00:43,10,Service Desk L1
INC000000418395,10/04/2026 21:35,10,Service Desk L1
INC000000418398,12/04/2026 02:44,8,Service Desk L1
INC000000418436,17/04/2026 07:39,10,Service Desk L1
INC000000418437,18/04/2026 19:38,8,Service Desk VIP
INC000000418460,15/04/2026 02:58,10,Service Desk VIP
INC000000418495,11/04/2026 11:46,10,Service Desk VIP
INC000000418498,15/04/2026 12:31,10,Service Desk L1
INC000000418506,14/04/2026 20:11,10,Service Desk L1
INC000000418509,21/04/2026 15:35,10,Service Desk Remote
INC000000418520,09/04/2026 20:09,8,Service Desk L1
INC000000418526,25/04/2026 20:02,10,Service Desk Remote
INC000000418535,29/04/2026 23:51,10,Service Desk L1
INC000000418574,22/04/2026 00:11,10,Service Desk Remote
INC000000418623,18/04/2026 02:03,10,Service Desk L1
INC000000418625,11/04/2026 13:33,10,Service Desk L1
INC000000418633,05/04/2026 02:19,10,Service Desk VIP
INC000000418666,08/04/2026 16:47,6,Service Desk L1
INC000000418702,08/04/2026 01:52,10,Service Desk L1
INC000000418704,11/04/2026 03:39,10,Service Desk L1
INC000000418711,25/04/2026 02:46,10,Service Desk L1
INC000000418714,11/04/2026 10:26,10,Service Desk L1
INC000000418766,03/04/2026 11:10,10,Service Desk L1
INC000000418780,03/04/2026 03:12,10,Service Desk Remote
INC000000418781,09/04/2026 23:33,10,Service Desk L1
INC000000418792,22/04/2026 04:58,10,Service Desk VIP
INC000000418817,24/04/2026 17:08,10,Service Desk L1
INC000000418819,27/04/2026 17:07,10,Service Desk Remote
INC000000418841,16/04/2026 16:59,10,Service Desk L1
INC000000418842,21/04/2026 16:11,8,Service Desk L1
INC000000418870,13/04/2026 23:23,10,Service Desk Remote
INC000000418872,15/04/2026 02:36,10,Service Desk Remote
INC000000418875,07/04/2026 19:02,10,Service Desk L1
INC000000418915,04/04/2026 08:27,10,Service Desk VIP
INC000000418920,20/04/2026 23:21,10,Service Desk Remote
INC000000418929,08/04/2026 09:17,10,Service Desk VIP
INC000000418933,16/04/2026 15:03,10,Service Desk VIP
INC000000418951,07/04/2026 23:33,10,Service Desk Remote
INC000000418968,27/04/2026 18:04,8,Service Desk L1
INC000000418970,24/04/2026 01:48,10,Service Desk L1
INC000000418985,30/04/2026 01:38,10,Service Desk Remote
INC000000419015,06/04/2026 09:26,10,Service Desk Remote
INC000000419030,22/04/2026 15:17,10,Service Desk VIP
INC000000419042,14/04/2026 05:10,10,Service Desk Remote
INC000000419045,28/04/2026 22:46,10,Service Desk L1
INC000000419054,07/04/2026 22:32,10,Service Desk L1
INC000000419064,03/04/2026 21:07,10,Service Desk VIP
INC000000419075,06/05/2026 00:10,6,Service Desk Remote
INC000000419078,14/05/2026 10:48,10,Service Desk VIP
INC000000419101,15/05/2026 13:22,10,Service Desk L1
INC000000419107,28/05/2026 01:22,2,Service Desk Remote
INC000000419139,29/05/2026 03:57,10,Service Desk Remote
INC000000419143,07/05/2026 16:13,10,Service Desk L1
INC000000419156,21/05/2026 09:13,10,Service Desk L1
INC000000419170,29/05/2026 11:48,10,Service Desk VIP
INC000000419173,15/05/2026 13:04,10,Service Desk VIP
INC000000419179,15/05/2026 21:42,10,Service Desk L1
INC000000419182,06/05/2026 23:11,10,Service Desk L1
INC000000419196,12/05/2026 18:48,10,Service Desk L1
INC000000419249,17/05/2026 09:39,10,Service Desk L1
INC000000419268,08/05/2026 18:22,10,Service Desk L1
INC000000419270,27/05/2026 18:47,10,Service Desk VIP
INC000000419294,13/05/2026 16:26,10,Service Desk VIP
INC000000419297,19/05/2026 05:35,10,Service Desk L1
INC000000419305,28/05/2026 01:35,10,Service Desk L1
INC000000419308,29/05/2026 07:28,10,Service Desk L1
INC000000419312,03/05/2026 01:50,10,Service Desk VIP
INC000000419314,24/05/2026 04:56,8,Service Desk VIP
INC000000419315,28/05/2026 01:10,10,Service Desk L1
INC000000419325,12/05/2026 11:15,10,Service Desk L1
INC000000419328,07/05/2026 07:23,10,Service Desk Remote
INC000000419333,14/05/2026 01:39,6,Service Desk L1
INC000000419338,04/05/2026 18:34,10,Service Desk VIP
INC000000419364,11/05/2026 04:33,10,Service Desk VIP
INC000000419376,13/05/2026 00:27,10,Service Desk VIP
INC000000419382,05/05/2026 02:23,10,Service Desk L1
INC000000419388,15/05/2026 10:38,10,Service Desk Remote
INC000000419399,28/05/2026 14:04,10,Service Desk Remote
INC000000419400,01/05/2026 22:56,10,Service Desk VIP
INC000000419401,22/05/2026 16:54,10,Service Desk L1
INC000000419409,19/05/2026 21:35,10,Service Desk L1
INC000000419420,22/05/2026 07:13,10,Service Desk L1
INC000000419426,25/05/2026 03:54,10,Service Desk Remote
INC000000419514,21/05/2026 01:01,10,Service Desk Remote
INC000000419528,21/05/2026 17:01,8,Service Desk L1
INC000000419536,20/05/2026 03:04,10,Service Desk L1
INC000000419564,21/05/2026 13:18,6,Service Desk L1
INC000000419570,03/05/2026 22:39,10,Service Desk L1
INC000000419582,01/05/2026 21:16,10,Service Desk L1
INC000000419608,13/05/2026 20:01,10,Service Desk L1
INC000000419614,11/05/2026 20:08,10,Service Desk Remote
INC000000419620,24/05/2026 13:24,10,Service Desk VIP
INC000000419626,21/05/2026 00:33,10,Service Desk Remote
INC000000419651,07/05/2026 10:36,4,Service Desk Remote
INC000000419666,07/05/2026 20:04,10,Service Desk VIP
INC000000419670,06/05/2026 03:41,10,Service Desk VIP
INC000000419673,10/05/2026 09:57,10,Service Desk L1
INC000000419712,19/05/2026 11:37,8,Service Desk VIP
INC000000419726,07/05/2026 10:28,10,Service Desk Remote
INC000000419734,14/05/2026 01:58,10,Service Desk L1
INC000000419748,16/05/2026 14:37,10,Service Desk L1
INC000000419753,06/05/2026 17:57,10,Service Desk VIP
INC000000419767,29/05/2026 01:55,8,Service Desk L1
INC000000419770,28/05/2026 03:01,10,Service Desk L1
INC000000419797,15/05/2026 19:34,8,Service Desk L1
INC000000419814,16/05/2026 00:41,10,Service Desk L1
INC000000419821,09/05/2026 01:17,10,Service Desk L1
INC000000419827,08/05/2026 09:29,10,Service Desk L1
INC000000419837,07/05/2026 13:27,10,Service Desk L1
INC000000419839,07/05/2026 02:12,8,Service Desk VIP
INC000000419844,27/05/2026 10:16,10,Service Desk L1
INC000000419857,23/05/2026 07:17,10,Service Desk Remote
INC000000419864,26/05/2026 00:34,10,Service Desk L1
INC000000419873,19/05/2026 11:52,10,Service Desk L1
INC000000419885,18/05/2026 14:38,10,Service Desk Remote
INC000000419886,10/05/2026 20:25,10,Service Desk L1
INC000000419888,21/05/2026 05:56,10,Service Desk L1
INC000000419915,26/05/2026 20:40,10,Service Desk Remote
INC000000419925,02/05/2026 19:08,10,Service Desk Remote
INC000000419935,02/05/2026 10:15,10,Service Desk L1
INC000000419940,04/05/2026 17:18,4,Service Desk L1
INC000000419960,15/05/2026 12:31,8,Service Desk VIP
INC000000419964,13/05/2026 18:29,10,Service Desk Remote
INC000000419971,24/05/2026 16:55,10,Service Desk VIP
INC000000420003,14/05/2026 20:48,10,Service Desk VIP
INC000000420009,17/05/2026 02:49,10,Service Desk L1
INC000000420020,28/05/2026 06:51,10,Service Desk Remote
INC000000420030,05/05/2026 21:03,10,Service Desk L1
INC000000420050,06/05/2026 10:56,8,Service Desk L1
INC000000420054,30/05/2026 04:27,10,Service Desk L1
INC000000420062,14/05/2026 17:09,8,Service Desk L1
INC000000420066,18/05/2026 09:21,10,Service Desk L1
INC000000420073,14/05/2026 08:25,10,Service Desk L1
INC000000420074,19/05/2026 01:47,8,Service Desk VIP
INC000000420085,13/05/2026 09:46,10,Service Desk L1
INC000000420093,06/05/2026 05:27,2,Service Desk L1
INC000000420098,29/05/2026 14:51,10,Service Desk L1
INC000000420115,15/05/2026 10:14,8,Service Desk L1
INC000000420135,26/05/2026 01:42,6,Service Desk L1
INC000000420142,07/05/2026 23:35,10,Service Desk Remote
INC000000420144,26/05/2026 22:50,10,Service Desk L1
INC000000420147,12/05/2026 08:22,10,Service Desk L1
INC000000420167,09/05/2026 03:14,10,Service Desk L1
INC000000420168,26/05/2026 00:08,10,Service Desk L1
INC000000420227,23/05/2026 16:20,10,Service Desk VIP
INC000000420230,07/05/2026 14:09,10,Service Desk L1
INC000000420242,07/05/2026 01:11,10,Service Desk L1
INC000000420292,17/05/2026 02:01,10,Service Desk L1
INC000000420324,11/05/2026 15:39,10,Service Desk L1
INC000000420332,20/05/2026 09:15,10,Service Desk VIP
INC000000420335,12/05/2026 22:23,10,Service Desk Remote
INC000000420351,06/05/2026 00:54,2,Service Desk L1
INC000000420352,07/05/2026 10:35,10,Service Desk Remote
INC000000420383,21/05/2026 09:25,10,Service Desk VIP
INC000000420393,15/05/2026 14:59,10,Service Desk VIP
INC000000420414,06/05/2026 08:44,10,Service Desk L1
INC000000420416,24/05/2026 04:28,10,Service Desk L1
INC000000420419,04/05/2026 18:09,8,Service Desk L1
INC000000420423,21/05/2026 17:42,10,Service Desk L1
INC000000420429,23/05/2026 09:56,10,Service Desk L1
INC000000420436,06/05/2026 06:45,10,Service Desk L1
INC000000420470,28/05/2026 04:18,10,Service Desk L1
INC000000420472,15/05/2026 11:28,10,Service Desk Remote
INC000000420473,13/05/2026 07:36,10,Service Desk L1
INC000000420507,04/05/2026 02:31,10,Service Desk L1
INC000000420514,12/05/2026 12:20,8,Service Desk L1
INC000000420525,04/05/2026 23:49,10,Service Desk L1
INC000000420545,08/05/2026 13:52,10,Service Desk Remote
INC000000420559,14/05/2026 15:49,10,Service Desk L1
INC000000420567,08/05/2026 04:39,8,Service Desk VIP
INC000000420580,20/05/2026 06:07,10,Service Desk L1
INC000000420605,15/05/2026 12:37,10,Service Desk L1
INC000000420608,02/05/2026 07:30,10,Service Desk L1
INC000000420637,18/05/2026 22:03,10,Service Desk L1
INC000000420653,13/05/2026 12:08,10,Service Desk VIP
INC000000420666,18/05/2026 15:15,10,Service Desk L1
INC000000420669,05/05/2026 20:56,8,Service Desk L1
INC000000420683,04/05/2026 22:24,10,Service Desk L1
INC000000420687,06/05/2026 23:26,10,Service Desk L1
INC000000420693,12/05/2026 13:12,10,Service Desk L1
INC000000420720,22/05/2026 21:20,10,Service Desk L1
INC000000420723,09/05/2026 21:41,10,Service Desk L1
INC000000420739,21/05/2026 08:45,8,Service Desk L1
INC000000420743,08/05/2026 19:41,10,Service Desk L1
INC000000420748,30/05/2026 15:34,10,Service Desk L1
INC000000420750,26/05/2026 06:43,10,Service Desk VIP
INC000000420753,09/05/2026 04:17,10,Service Desk VIP
INC000000420781,08/05/2026 07:35,10,Service Desk L1
INC000000420793,08/05/2026 10:15,10,Service Desk L1
INC000000420822,22/05/2026 09:49,10,Service Desk VIP
INC000000420829,08/05/2026 15:21,10,Service Desk Remote
INC000000420841,14/05/2026 04:03,10,Service Desk L1
INC000000420844,02/05/2026 02:34,10,Service Desk Remote
INC000000420851,29/05/2026 15:02,10,Service Desk L1
INC000000420865,11/05/2026 18:51,10,Service Desk L1
INC000000420898,17/05/2026 08:06,8,Service Desk VIP
INC000000420910,13/05/2026 07:39,10,Service Desk L1
INC000000420928,01/05/2026 16:08,10,Service Desk L1
INC000000420955,14/05/2026 06:19,10,Service Desk VIP
INC000000420962,14/05/2026 02:05,10,Service Desk L1
INC000000420965,08/05/2026 20:33,10,Service Desk VIP
INC000000420973,21/05/2026 02:14,10,Service Desk L1
INC000000420980,10/05/2026 16:35,10,Service Desk L1
INC000000420994,28/05/2026 02:51,8,Service Desk VIP
INC000000420996,16/05/2026 06:01,10,Service Desk Remote
INC000000421008,04/05/2026 16:33,10,Service Desk L1
INC000000421020,25/05/2026 17:38,10,Service Desk L1
INC000000421039,21/05/2026 07:54,10,Service Desk L1
INC000000421041,09/05/2026 19:13,10,Service Desk L1
INC000000421045,25/06/2026 06:40,2,Service Desk L1
INC000000421060,06/06/2026 22:37,10,Service Desk L1
INC000000421064,26/06/2026 02:41,10,Service Desk L1
INC000000421066,05/06/2026 19:44,10,Service Desk L1
INC000000421088,10/06/2026 16:36,10,Service Desk Remote
INC000000421131,05/06/2026 03:01,10,Service Desk L1
INC000000421155,10/06/2026 18:32,10,Service Desk L1
INC000000421163,04/06/2026 03:40,10,Service Desk VIP
INC000000421182,27/06/2026 03:58,10,Service Desk Remote
INC000000421189,16/06/2026 01:04,10,Service Desk L1
INC000000421206,05/06/2026 14:46,10,Service Desk L1
INC000000421221,25/06/2026 19:07,10,Service Desk VIP
INC000000421230,16/06/2026 08:01,6,Service Desk VIP
INC000000421242,16/06/2026 06:48,10,Service Desk VIP
INC000000421265,16/06/2026 16:10,10,Service Desk VIP
INC000000421274,21/06/2026 05:21,10,Service Desk L1
INC000000421280,04/06/2026 02:26,8,Service Desk L1
INC000000421282,02/07/2026 10:08,10,Service Desk L1
INC000000421290,23/06/2026 00:15,10,Service Desk VIP
INC000000421317,03/06/2026 03:02,8,Service Desk L1
INC000000421337,06/06/2026 16:52,10,Service Desk L1
INC000000421349,04/06/2026 04:18,10,Service Desk L1
INC000000421356,29/06/2026 23:33,10,Service Desk L1
INC000000421378,19/06/2026 18:04,10,Service Desk L1
INC000000421383,30/06/2026 11:12,10,Service Desk Remote
INC000000421396,08/06/2026 21:37,10,Service Desk VIP
INC000000421399,07/06/2026 09:31,6,Service Desk VIP
INC000000421417,25/06/2026 01:04,10,Service Desk L1
INC000000421427,27/06/2026 20:54,10,Service Desk Remote
INC000000421433,30/06/2026 14:32,10,Service Desk L1
INC000000421436,04/06/2026 15:08,10,Service Desk Remote
INC000000421438,16/06/2026 20:19,10,Service Desk VIP
INC000000421455,22/06/2026 20:11,6,Service Desk L1
INC000000421472,19/06/2026 00:23,10,Service Desk L1
INC000000421490,07/06/2026 00:25,10,Service Desk L1
INC000000421498,10/06/2026 15:39,10,Service Desk VIP
INC000000421503,27/06/2026 11:25,10,Service Desk L1
INC000000421506,15/06/2026 12:33,10,Service Desk L1
INC000000421508,10/06/2026 12:24,10,Service Desk Remote
INC000000421512,15/06/2026 00:45,10,Service Desk VIP
INC000000421513,09/06/2026 21:59,10,Service Desk L1
INC000000421518,09/06/2026 10:06,10,Service Desk L1
INC000000421525,25/06/2026 15:32,10,Service Desk L1
INC000000421529,23/06/2026 07:18,10,Service Desk Remote
INC000000421538,20/06/2026 11:10,10,Service Desk VIP
INC000000421545,09/06/2026 18:03,10,Service Desk Remote
INC000000421549,14/06/2026 02:37,10,Service Desk VIP
INC000000421550,05/06/2026 01:00,10,Service Desk VIP
INC000000421552,20/06/2026 11:14,10,Service Desk L1
INC000000421555,23/06/2026 06:23,10,Service Desk L1
INC000000421573,19/06/2026 02:27,8,Service Desk L1
INC000000421583,17/06/2026 15:47,10,Service Desk L1
INC000000421589,24/06/2026 21:51,4,Service Desk L1
INC000000421592,20/06/2026 06:37,10,Service Desk L1
INC000000421617,26/06/2026 17:18,10,Service Desk Remote
INC000000421620,05/06/2026 03:58,10,Service Desk VIP
INC000000421621,17/06/2026 08:45,8,Service Desk L1
INC000000421622,12/06/2026 02:54,10,Service Desk Remote
INC000000421629,10/06/2026 03:24,10,Service Desk Remote
INC000000421642,09/06/2026 19:03,10,Service Desk VIP
INC000000421647,23/06/2026 13:25,10,Service Desk L1
INC000000421648,25/06/2026 16:49,10,Service Desk L1
INC000000421661,10/06/2026 22:53,10,Service Desk L1
INC000000421667,11/06/2026 01:49,6,Service Desk L1
INC000000421673,28/06/2026 09:15,10,Service Desk Remote
INC000000421686,09/06/2026 08:34,8,Service Desk VIP
INC000000421709,12/06/2026 06:54,10,Service Desk L1
INC000000421713,03/06/2026 17:23,10,Service Desk L1
INC000000421715,22/06/2026 15:21,10,Service Desk L1
INC000000421719,11/06/2026 06:41,10,Service Desk L1
INC000000421841,14/06/2026 10:51,10,Service Desk L1
INC000000421853,11/06/2026 02:49,10,Service Desk Remote
INC000000421863,30/06/2026 22:53,10,Service Desk L1
INC000000421874,26/06/2026 18:02,10,Service Desk VIP
INC000000421888,07/06/2026 19:59,10,Service Desk VIP
INC000000421904,26/06/2026 00:22,10,Service Desk L1
INC000000421922,11/06/2026 03:12,10,Service Desk L1
INC000000421952,10/06/2026 02:53,10,Service Desk VIP
INC000000421953,11/06/2026 00:43,10,Service Desk Remote
INC000000421959,02/07/2026 02:18,10,Service Desk L1
INC000000421967,02/07/2026 04:30,10,Service Desk L1
INC000000421983,17/06/2026 12:32,2,Service Desk L1
INC000000422007,28/06/2026 18:57,10,Service Desk Remote
INC000000422010,11/06/2026 19:41,10,Service Desk L1
INC000000422092,10/06/2026 17:36,10,Service Desk L1
INC000000422094,04/06/2026 06:24,10,Service Desk L1
INC000000422098,30/06/2026 11:56,10,Service Desk L1
INC000000422108,04/06/2026 01:03,10,Service Desk L1
INC000000422117,06/06/2026 21:38,10,Service Desk L1
INC000000422137,18/06/2026 02:41,10,Service Desk L1
INC000000422148,22/06/2026 22:15,10,Service Desk L1
INC000000422162,29/06/2026 17:12,10,Service Desk VIP
INC000000422169,10/06/2026 04:18,10,Service Desk Remote
INC000000422172,24/06/2026 04:52,10,Service Desk Remote
INC000000422177,05/06/2026 04:25,10,Service Desk VIP
INC000000422179,21/06/2026 17:26,10,Service Desk VIP
INC000000422181,07/06/2026 16:06,10,Service Desk L1
INC000000422199,20/06/2026 06:11,10,Service Desk L1
INC000000422219,13/06/2026 16:38,10,Service Desk Remote
INC000000422227,11/06/2026 22:38,10,Service Desk Remote
INC000000422262,17/06/2026 02:04,10,Service Desk L1
INC000000422263,05/06/2026 08:13,10,Service Desk L1
INC000000422265,23/06/2026 04:37,10,Service Desk L1
INC000000422268,25/06/2026 18:26,10,Service Desk L1
INC000000422276,03/06/2026 10:38,10,Service Desk VIP
INC000000422288,02/06/2026 20:19,10,Service Desk Remote
INC000000422292,07/06/2026 06:19,10,Service Desk L1
INC000000422312,28/06/2026 18:07,10,Service Desk L1
INC000000422320,10/06/2026 17:11,10,Service Desk L1
INC000000422336,06/06/2026 13:10,10,Service Desk VIP
INC000000422347,10/06/2026 07:30,4,Service Desk VIP
INC000000422350,01/07/2026 08:45,10,Service Desk Remote
INC000000422379,01/06/2026 18:21,8,Service Desk L1
INC000000422391,28/06/2026 22:30,10,Service Desk VIP
INC000000422397,09/06/2026 00:59,10,Service Desk L1
INC000000422417,23/06/2026 10:33,10,Service Desk L1
INC000000422439,04/06/2026 13:10,10,Service Desk L1
INC000000422465,24/06/2026 03:56,10,Service Desk Remote
INC000000422482,02/06/2026 00:42,8,Service Desk VIP
INC000000422494,24/06/2026 20:03,10,Service Desk L1
INC000000422513,10/06/2026 11:37,10,Service Desk L1
INC000000422529,01/07/2026 21:13,8,Service Desk VIP
INC000000422542,26/06/2026 02:24,10,Service Desk VIP
INC000000422546,25/06/2026 08:24,10,Service Desk Remote
INC000000422553,16/06/2026 10:10,10,Service Desk Remote
INC000000422570,19/06/2026 15:13,10,Service Desk VIP
INC000000422615,05/06/2026 03:06,8,Service Desk Remote
INC000000422618,17/06/2026 22:44,10,Service Desk L1
INC000000422621,20/06/2026 15:31,10,Service Desk Remote
INC000000422627,04/06/2026 19:16,8,Service Desk VIP
INC000000422632,11/06/2026 22:38,10,Service Desk L1
INC000000422635,25/06/2026 00:29,10,Service Desk Remote
INC000000422645,11/06/2026 04:53,10,Service Desk Remote
INC000000422652,03/06/2026 19:03,10,Service Desk L1
INC000000422679,18/06/2026 08:23,10,Service Desk L1
INC000000422683,04/06/2026 07:04,10,Service Desk L1
INC000000422724,13/06/2026 03:24,10,Service Desk L1
INC000000422738,09/06/2026 17:51,8,Service Desk L1
INC000000422739,15/06/2026 16:56,10,Service Desk L1
INC000000422764,09/06/2026 06:15,10,Service Desk VIP
INC000000422772,18/06/2026 16:05,10,Service Desk L1
INC000000422793,06/06/2026 22:24,2,Service Desk L1
INC000000422795,25/06/2026 15:30,10,Service Desk L1
INC000000422809,24/06/2026 14:37,10,Service Desk L1
INC000000422814,25/06/2026 02:35,10,Service Desk Remote
INC000000422821,25/06/2026 06:30,10,Service Desk L1
INC000000422851,24/06/2026 14:39,10,Service Desk L1
INC000000422862,23/06/2026 19:44,10,Service Desk L1
INC000000422877,02/07/2026 03:56,10,Service Desk Remote
INC000000422882,11/06/2026 18:35,10,Service Desk L1
INC000000422900,28/06/2026 23:03,10,Service Desk L1
INC000000422915,24/06/2026 13:27,10,Service Desk Remote
INC000000422926,21/06/2026 07:48,10,Service Desk L1
INC000000422958,21/06/2026 05:05,10,Service Desk L1
INC000000422976,12/06/2026 17:27,10,Service Desk L1
INC000000422978,23/06/2026 02:58,4,Service Desk L1
INC000000422982,19/06/2026 16:03,10,Service Desk L1
INC000000422985,12/06/2026 18:40,10,Service Desk Remote
INC000000422997,24/06/2026 02:43,10,Service Desk Remote
INC000000423000,24/06/2026 08:54,10,Service Desk VIP
INC000000423004,17/06/2026 18:03,10,Service Desk Remote
INC000000423017,06/06/2026 10:55,10,Service Desk L1
INC000000423021,09/06/2026 04:40,10,Service Desk Remote
INC000000423036,08/06/2026 04:25,10,Service Desk L1
INC000000423046,25/06/2026 03:28,10,Service Desk Remote
INC000000423053,15/06/2026 04:32,2,Service Desk L1
INC000000423073,28/06/2026 03:35,10,Service Desk L1
INC000000423095,26/06/2026 17:32,10,Service Desk L1
INC000000423107,02/07/2026 03:38,10,Service Desk L1
INC000000423118,18/06/2026 01:52,10,Service Desk L1
INC000000423133,08/07/2026 13:50,10,Service Desk VIP
INC000000423144,24/07/2026 23:28,10,Service Desk L1
INC000000423158,19/07/2026 02:05,10,Service Desk VIP
INC000000423170,22/07/2026 21:06,10,Service Desk L1
INC000000423176,18/07/2026 00:26,10,Service Desk L1
INC000000423197,08/07/2026 20:24,6,Service Desk Remote
INC000000423212,06/07/2026 10:15,10,Service Desk L1
INC000000423214,10/07/2026 06:59,10,Service Desk L1
INC000000423216,12/07/2026 01:52,10,Service Desk L1
INC000000423223,23/07/2026 10:36,10,Service Desk Remote
INC000000423224,26/07/2026 15:17,10,Service Desk Remote
INC000000423226,29/07/2026 05:39,10,Service Desk L1
INC000000423238,28/07/2026 15:06,10,Service Desk L1
INC000000423275,27/07/2026 09:22,10,Service Desk L1
INC000000423286,08/07/2026 07:50,10,Service Desk L1
INC000000423307,29/07/2026 11:46,10,Service Desk L1
INC000000423309,03/07/2026 11:33,10,Service Desk VIP
INC000000423312,28/07/2026 22:41,6,Service Desk Remote
INC000000423317,22/07/2026 17:23,10,Service Desk VIP
INC000000423364,24/07/2026 04:01,10,Service Desk L1
INC000000423369,12/07/2026 17:43,10,Service Desk Remote
INC000000423378,19/07/2026 01:58,10,Service Desk L1
INC000000423384,18/07/2026 11:49,10,Service Desk Remote
INC000000423397,11/07/2026 16:00,10,Service Desk L1
INC000000423439,04/07/2026 01:50,10,Service Desk Remote
INC000000423444,04/07/2026 11:39,10,Service Desk L1
INC000000423447,29/07/2026 14:35,10,Service Desk L1
INC000000423451,12/07/2026 15:47,10,Service Desk L1
INC000000423462,17/07/2026 17:21,10,Service Desk L1
INC000000423533,15/07/2026 04:15,10,Service Desk L1
INC000000423549,22/07/2026 01:18,10,Service Desk L1
INC000000423553,16/07/2026 19:01,10,Service Desk L1
INC000000423581,08/07/2026 17:14,10,Service Desk L1
INC000000423586,21/07/2026 23:10,10,Service Desk L1
INC000000423599,18/07/2026 09:22,10,Service Desk L1
INC000000423607,13/07/2026 18:45,10,Service Desk L1
INC000000423627,30/07/2026 23:23,10,Service Desk L1
INC000000423629,28/07/2026 01:53,10,Service Desk VIP
INC000000423631,08/07/2026 23:28,10,Service Desk L1
INC000000423660,16/07/2026 00:21,10,Service Desk L1
INC000000423670,29/07/2026 16:37,10,Service Desk Remote
INC000000423679,12/07/2026 06:49,10,Service Desk VIP
INC000000423694,15/07/2026 10:08,10,Service Desk VIP
INC000000423699,19/07/2026 06:36,10,Service Desk L1
INC000000423738,23/07/2026 17:56,10,Service Desk L1
INC000000423749,25/07/2026 07:23,10,Service Desk VIP
INC000000423755,02/07/2026 21:17,10,Service Desk VIP
INC000000423775,08/07/2026 13:02,10,Service Desk L1
INC000000423801,09/07/2026 21:25,10,Service Desk VIP
INC000000423806,22/07/2026 12:45,10,Service Desk L1
INC000000423813,14/07/2026 03:29,10,Service Desk L1
INC000000423832,23/07/2026 16:45,10,Service Desk VIP
INC000000423843,28/07/2026 14:14,6,Service Desk Remote
INC000000423851,14/07/2026 01:15,8,Service Desk L1
INC000000423871,09/07/2026 00:32,10,Service Desk L1
INC000000423873,16/07/2026 14:25,10,Service Desk L1
INC000000423877,16/07/2026 16:37,10,Service Desk VIP
INC000000423888,30/07/2026 11:30,10,Service Desk Remote
INC000000423922,25/07/2026 08:45,10,Service Desk Remote
INC000000423926,09/07/2026 23:58,10,Service Desk Remote
INC000000423928,19/07/2026 17:28,10,Service Desk Remote
INC000000423962,09/07/2026 10:37,8,Service Desk L1
INC000000423968,14/07/2026 09:02,10,Service Desk L1
INC000000423985,15/07/2026 06:01,10,Service Desk L1
INC000000423993,08/07/2026 12:19,10,Service Desk Remote
INC000000424030,18/07/2026 00:51,10,Service Desk L1
INC000000424032,22/07/2026 17:40,10,Service Desk Remote
INC000000424048,21/07/2026 09:04,10,Service Desk L1
INC000000424051,29/07/2026 12:12,10,Service Desk VIP
INC000000424081,12/07/2026 15:03,10,Service Desk Remote
INC000000424082,07/07/2026 00:13,10,Service Desk Remote
INC000000424093,15/07/2026 09:58,10,Service Desk VIP
INC000000424105,14/07/2026 23:38,10,Service Desk VIP
INC000000424122,09/07/2026 12:13,10,Service Desk Remote
INC000000424128,17/07/2026 13:50,10,Service Desk L1
INC000000424135,29/07/2026 14:06,10,Service Desk L1
INC000000424136,28/07/2026 02:30,10,Service Desk L1
INC000000424138,28/07/2026 00:46,10,Service Desk L1
INC000000424146,09/07/2026 14:03,10,Service Desk VIP
INC000000424154,17/07/2026 05:29,10,Service Desk VIP
INC000000424162,21/07/2026 01:14,10,Service Desk Remote
INC000000424181,30/07/2026 14:29,10,Service Desk L1
INC000000424184,07/07/2026 18:14,10,Service Desk L1
INC000000424189,07/07/2026 16:03,10,Service Desk VIP
INC000000424190,29/07/2026 03:23,10,Service Desk L1
INC000000424201,08/07/2026 02:35,8,Service Desk Remote
INC000000424204,12/07/2026 05:17,8,Service Desk Remote
INC000000424220,26/07/2026 11:05,10,Service Desk L1
INC000000424223,16/07/2026 05:23,10,Service Desk L1
INC000000424240,11/07/2026 07:33,10,Service Desk VIP
INC000000424245,18/07/2026 10:39,10,Service Desk VIP
INC000000424252,09/07/2026 14:53,10,Service Desk L1
INC000000424256,22/07/2026 04:50,10,Service Desk L1
INC000000424257,15/07/2026 02:55,10,Service Desk L1
INC000000424272,11/07/2026 07:59,10,Service Desk L1
INC000000424279,18/07/2026 01:26,10,Service Desk L1
INC000000424280,10/07/2026 16:30,10,Service Desk L1
INC000000424281,06/07/2026 15:21,2,Service Desk L1
INC000000424303,18/07/2026 12:11,8,Service Desk L1
INC000000424307,11/07/2026 11:07,10,Service Desk L1
INC000000424321,08/07/2026 15:46,10,Service Desk Remote
INC000000424326,21/07/2026 20:03,10,Service Desk VIP
INC000000424340,25/07/2026 01:36,6,Service Desk L1
INC000000424350,24/07/2026 05:25,10,Service Desk Remote
INC000000424352,14/07/2026 06:44,8,Service Desk L1
INC000000424358,29/07/2026 03:46,10,Service Desk Remote
INC000000424387,16/07/2026 02:05,10,Service Desk L1
INC000000424392,22/07/2026 06:36,10,Service Desk VIP
INC000000424427,09/07/2026 15:41,10,Service Desk VIP
INC000000424437,23/07/2026 03:44,10,Service Desk Remote
INC000000424460,30/07/2026 13:11,10,Service Desk VIP
INC000000424464,14/07/2026 00:06,10,Service Desk L1
INC000000424475,26/07/2026 05:53,10,Service Desk L1
INC000000424492,09/07/2026 23:48,10,Service Desk VIP
INC000000424494,09/07/2026 09:56,10,Service Desk L1
INC000000424497,18/07/2026 08:30,6,Service Desk VIP
INC000000424513,09/07/2026 19:40,10,Service Desk VIP
INC000000424523,06/07/2026 19:32,10,Service Desk L1
INC000000424528,31/07/2026 00:29,10,Service Desk Remote
INC000000424565,16/07/2026 08:03,10,Service Desk Remote
INC000000424577,08/07/2026 11:22,10,Service Desk L1
INC000000424585,24/07/2026 01:04,10,Service Desk L1
INC000000424596,16/07/2026 16:41,10,Service Desk VIP
INC000000424602,18/07/2026 13:05,10,Service Desk L1
INC000000424623,24/07/2026 11:01,10,Service Desk L1
INC000000424632,22/07/2026 21:57,10,Service Desk VIP
INC000000424635,28/07/2026 00:18,10,Service Desk L1
INC000000424638,17/07/2026 20:12,10,Service Desk L1
INC000000424673,23/07/2026 20:29,10,Service Desk L1
INC000000424678,07/07/2026 01:12,10,Service Desk Remote
INC000000424680,18/07/2026 10:50,8,Service Desk L1
INC000000424697,21/07/2026 02:30,10,Service Desk VIP
INC000000424699,30/07/2026 17:31,10,Service Desk L1
INC000000424703,29/07/2026 09:16,10,Service Desk L1
INC000000424713,16/07/2026 12:56,10,Service Desk VIP
INC000000424729,25/07/2026 05:20,10,Service Desk L1
INC000000424743,23/07/2026 00:51,10,Service Desk L1
INC000000424750,09/07/2026 04:01,10,Service Desk L1
INC000000424767,01/07/2026 15:59,6,Service Desk L1
INC000000424768,18/07/2026 20:50,10,Service Desk Remote
INC000000424801,15/07/2026 20:52,8,Service Desk L1
INC000000424812,15/07/2026 22:55,10,Service Desk Remote
INC000000424829,15/07/2026 15:53,10,Service Desk VIP
INC000000424835,15/07/2026 14:25,10,Service Desk L1
INC000000424855,22/07/2026 19:51,10,Service Desk VIP
INC000000424857,23/07/2026 18:56,10,Service Desk L1
INC000000424863,09/07/2026 21:09,10,Service Desk VIP
INC000000424882,03/07/2026 00:39,10,Service Desk L1
INC000000424901,22/07/2026 12:14,10,Service Desk L1
INC000000424908,07/07/2026 04:54,10,Service Desk Remote
INC000000424913,13/07/2026 07:04,10,Service Desk VIP
INC000000424925,28/07/2026 14:07,10,Service Desk VIP
INC000000424948,13/07/2026 08:54,10,Service Desk L1
INC000000424949,22/07/2026 09:38,10,Service Desk VIP
INC000000424951,07/07/2026 08:33,10,Service Desk VIP
INC000000424972,15/07/2026 14:04,8,Service Desk VIP
INC000000424985,04/07/2026 03:43,10,Service Desk L1
INC000000424996,08/07/2026 12:33,10,Service Desk L1
INC000000425002,30/07/2026 15:56,10,Service Desk Remote
INC000000425012,25/07/2026 03:28,10,Service Desk VIP
INC000000425018,08/07/2026 18:04,2,Service Desk VIP
INC000000425021,16/07/2026 09:31,10,Service Desk L1
INC000000425024,20/07/2026 05:42,10,Service Desk L1
INC000000425044,08/07/2026 12:34,10,Service Desk L1
INC000000425047,09/07/2026 05:55,2,Service Desk L1
INC000000425048,02/07/2026 18:07,10,Service Desk L1
INC000000425058,03/07/2026 04:44,10,Service Desk Remote
INC000000425063,30/07/2026 03:55,10,Service Desk Remote
INC000000425086,09/07/2026 15:28,10,Service Desk L1
INC000000425087,07/07/2026 12:01,10,Service Desk VIP
INC000000425092,15/07/2026 11:24,10,Service Desk VIP
INC000000425096,03/07/2026 08:24,10,Service Desk Remote
INC000000425126,29/07/2026 09:35,10,Service Desk VIP
INC000000425178,29/07/2026 16:57,10,Service Desk L1
INC000000425182,02/07/2026 22:17,10,Service Desk L1
INC000000425192,15/07/2026 01:11,10,Service Desk L1
INC000000425214,29/07/2026 08:50,10,Service Desk L1
INC000000425217,13/07/2026 19:22,10,Service Desk L1
INC000000425247,02/07/2026 10:43,10,Service Desk VIP
INC000000425253,14/07/2026 01:38,10,Service Desk L1
INC000000425293,15/07/2026 09:55,10,Service Desk L1
INC000000425304,09/08/2026 12:02,10,Service Desk Remote
INC000000425329,26/08/2026 10:50,10,Service Desk L1
INC000000425339,28/08/2026 09:12,10,Service Desk VIP
INC000000425354,24/08/2026 11:48,10,Service Desk L1
INC000000425360,07/08/2026 08:18,10,Service Desk L1
INC000000425404,18/08/2026 08:11,8,Service Desk L1
INC000000425411,08/08/2026 05:22,10,Service Desk L1
INC000000425440,29/08/2026 07:15,10,Service Desk L1
INC000000425443,03/08/2026 20:52,10,Service Desk L1
INC000000425453,06/08/2026 16:35,10,Service Desk L1
INC000000425455,09/08/2026 06:47,10,Service Desk L1
INC000000425457,27/08/2026 01:56,10,Service Desk VIP
INC000000425478,11/08/2026 21:06,4,Service Desk L1
INC000000425480,14/08/2026 02:14,10,Service Desk L1
INC000000425508,25/08/2026 10:22,10,Service Desk VIP
INC000000425518,10/08/2026 13:05,10,Service Desk L1
INC000000425521,21/08/2026 06:00,10,Service Desk L1
INC000000425531,15/08/2026 09:15,10,Service Desk L1
INC000000425557,19/08/2026 17:12,10,Service Desk L1
INC000000425561,11/08/2026 08:17,10,Service Desk L1
INC000000425575,04/08/2026 13:14,10,Service Desk L1
INC000000425581,06/08/2026 17:21,10,Service Desk L1
INC000000425587,13/08/2026 14:49,10,Service Desk VIP
INC000000425608,29/08/2026 00:00,10,Service Desk Remote
INC000000425622,15/08/2026 08:56,10,Service Desk VIP
INC000000425640,19/08/2026 13:53,10,Service Desk L1
INC000000425643,15/08/2026 01:44,10,Service Desk L1
INC000000425645,14/08/2026 19:48,10,Service Desk L1
INC000000425646,28/08/2026 17:56,10,Service Desk L1
INC000000425683,06/08/2026 17:35,10,Service Desk Remote
INC000000425687,27/08/2026 08:25,10,Service Desk VIP
INC000000425691,28/08/2026 10:36,10,Service Desk VIP
INC000000425717,29/08/2026 11:07,10,Service Desk L1
INC000000425729,06/08/2026 11:34,10,Service Desk L1
INC000000425764,26/08/2026 15:39,10,Service Desk L1
INC000000425776,10/08/2026 21:58,10,Service Desk L1
INC000000425813,18/08/2026 11:00,10,Service Desk L1
INC000000425833,08/08/2026 14:56,10,Service Desk Remote
INC000000425835,18/08/2026 02:57,8,Service Desk L1
INC000000425838,21/08/2026 12:39,10,Service Desk L1
INC000000425841,30/08/2026 11:17,10,Service Desk L1
INC000000425842,24/08/2026 22:46,10,Service Desk Remote
INC000000425862,07/08/2026 12:46,10,Service Desk L1
INC000000425873,04/08/2026 22:14,8,Service Desk VIP
INC000000425876,27/08/2026 10:47,10,Service Desk VIP
INC000000425878,27/08/2026 09:13,10,Service Desk Remote
INC000000425882,17/08/2026 22:22,2,Service Desk L1
INC000000425892,14/08/2026 10:48,10,Service Desk Remote
INC000000425939,29/08/2026 22:19,10,Service Desk Remote
INC000000425954,30/08/2026 06:15,10,Service Desk L1
INC000000425968,24/08/2026 19:08,10,Service Desk L1
INC000000425970,06/08/2026 07:22,10,Service Desk L1
INC000000425977,26/08/2026 12:28,8,Service Desk L1
INC000000425998,11/08/2026 06:11,10,Service Desk VIP
INC000000426013,04/08/2026 12:29,10,Service Desk L1
INC000000426017,27/08/2026 13:14,10,Service Desk VIP
INC000000426027,19/08/2026 04:46,10,Service Desk L1
INC000000426044,05/08/2026 18:23,10,Service Desk L1
INC000000426118,09/08/2026 07:45,10,Service Desk L1
INC000000426124,07/08/2026 05:46,2,Service Desk L1
INC000000426131,22/08/2026 06:34,10,Service Desk L1
INC000000426169,19/08/2026 15:23,10,Service Desk L1
INC000000426173,04/08/2026 11:34,10,Service Desk Remote
INC000000426184,27/08/2026 05:41,10,Service Desk L1
INC000000426187,06/08/2026 19:47,10,Service Desk VIP
INC000000426194,17/08/2026 20:49,10,Service Desk VIP
INC000000426208,20/08/2026 02:37,10,Service Desk L1
INC000000426212,27/08/2026 13:57,8,Service Desk Remote
INC000000426215,04/08/2026 13:26,10,Service Desk L1
INC000000426237,07/08/2026 04:26,10,Service Desk L1
INC000000426248,28/08/2026 02:34,10,Service Desk L1
INC000000426260,14/08/2026 20:02,10,Service Desk L1
INC000000426271,09/08/2026 20:23,10,Service Desk Remote
INC000000426273,29/08/2026 12:24,10,Service Desk Remote
INC000000426286,09/08/2026 04:31,10,Service Desk VIP
INC000000426294,15/08/2026 07:07,10,Service Desk L1
INC000000426300,30/08/2026 04:23,10,Service Desk L1
INC000000426321,23/08/2026 00:07,10,Service Desk L1
INC000000426332,04/08/2026 01:58,10,Service Desk VIP
INC000000426334,15/08/2026 15:41,10,Service Desk L1
INC000000426352,22/08/2026 13:58,10,Service Desk L1
INC000000426357,19/08/2026 10:52,10,Service Desk L1
INC000000426384,21/08/2026 00:23,10,Service Desk VIP
INC000000426400,29/08/2026 23:38,10,Service Desk L1
INC000000426401,29/08/2026 07:42,10,Service Desk L1
INC000000426403,17/08/2026 09:51,10,Service Desk L1
INC000000426406,20/08/2026 08:46,10,Service Desk L1
INC000000426407,07/08/2026 05:23,10,Service Desk VIP
INC000000426410,23/08/2026 06:34,10,Service Desk L1
INC000000426422,12/08/2026 20:11,8,Service Desk VIP
INC000000426426,14/08/2026 12:16,10,Service Desk L1
INC000000426432,11/08/2026 13:48,10,Service Desk L1
INC000000426455,15/08/2026 08:09,10,Service Desk Remote
INC000000426482,17/08/2026 15:37,10,Service Desk L1
INC000000426492,17/08/2026 21:33,10,Service Desk VIP
INC000000426496,19/08/2026 22:56,10,Service Desk Remote
INC000000426504,19/08/2026 10:23,10,Service Desk Remote
INC000000426526,13/08/2026 14:47,10,Service Desk VIP
INC000000426605,12/08/2026 05:37,10,Service Desk Remote
INC000000426630,29/08/2026 16:43,10,Service Desk VIP
INC000000426637,10/08/2026 15:51,10,Service Desk L1
INC000000426643,16/08/2026 15:45,10,Service Desk L1
INC000000426657,05/08/2026 02:28,2,Service Desk Remote
INC000000426662,04/08/2026 07:15,10,Service Desk L1
INC000000426665,15/08/2026 07:50,8,Service Desk L1
INC000000426674,04/08/2026 04:14,10,Service Desk VIP
INC000000426698,05/08/2026 13:43,10,Service Desk Remote
INC000000426701,27/08/2026 20:42,10,Service Desk VIP
INC000000426705,13/08/2026 08:35,10,Service Desk VIP
INC000000426710,27/08/2026 02:38,10,Service Desk L1
INC000000426717,25/08/2026 11:07,10,Service Desk Remote
INC000000426741,10/08/2026 16:26,10,Service Desk L1
INC000000426742,05/08/2026 03:46,10,Service Desk L1
INC000000426747,14/08/2026 11:01,8,Service Desk L1
INC000000426749,07/08/2026 10:05,10,Service Desk Remote
INC000000426757,19/08/2026 15:14,10,Service Desk Remote
INC000000426774,13/08/2026 05:07,10,Service Desk Remote
INC000000426777,10/08/2026 04:42,10,Service Desk Remote
INC000000426785,27/08/2026 12:57,10,Service Desk L1
INC000000426804,07/08/2026 07:19,10,Service Desk L1
INC000000426807,08/08/2026 10:11,10,Service Desk L1
INC000000426809,29/08/2026 00:57,8,Service Desk L1
INC000000426832,30/08/2026 14:55,10,Service Desk L1
INC000000426870,23/08/2026 13:19,10,Service Desk L1
INC000000426920,15/08/2026 04:26,10,Service Desk L1
INC000000426938,12/08/2026 15:20,10,Service Desk L1
INC000000426956,25/08/2026 18:11,10,Service Desk Remote
INC000000426968,14/08/2026 13:57,10,Service Desk L1
INC000000426971,15/08/2026 13:58,10,Service Desk Remote
INC000000426978,23/08/2026 06:02,10,Service Desk VIP
INC000000426989,10/08/2026 13:59,8,Service Desk L1
INC000000426992,05/08/2026 13:18,10,Service Desk VIP
INC000000426995,26/08/2026 23:14,10,Service Desk L1
INC000000427017,19/08/2026 01:42,10,Service Desk L1
INC000000427019,20/08/2026 03:09,10,Service Desk L1
INC000000427025,15/08/2026 19:03,10,Service Desk L1
INC000000427030,14/08/2026 11:42,10,Service Desk L1
INC000000427053,05/08/2026 10:54,10,Service Desk VIP
INC000000427069,22/08/2026 20:21,10,Service Desk L1
INC000000427070,25/08/2026 14:28,10,Service Desk VIP
INC000000427090,18/08/2026 18:25,10,Service Desk L1
INC000000427106,15/08/2026 23:51,10,Service Desk Remote
INC000000427114,12/08/2026 18:07,10,Service Desk VIP
INC000000427116,22/08/2026 11:21,10,Service Desk L1
INC000000427125,13/08/2026 13:43,10,Service Desk VIP
INC000000427203,12/08/2026 18:07,10,Service Desk L1
INC000000427204,27/08/2026 10:02,8,Service Desk VIP
INC000000427230,21/08/2026 20:36,10,Service Desk L1
INC000000427233,09/08/2026 07:59,10,Service Desk L1
INC000000427236,27/08/2026 13:47,2,Service Desk L1
INC000000427242,28/08/2026 17:45,10,Service Desk L1
INC000000427248,05/08/2026 12:41,8,Service Desk L1
INC000000427285,24/08/2026 11:40,10,Service Desk L1
INC000000427323,14/08/2026 08:44,10,Service Desk L1
INC000000427356,11/08/2026 17:13,10,Service Desk L1
INC000000427391,04/08/2026 10:54,10,Service Desk L1
INC000000427400,29/08/2026 06:01,10,Service Desk VIP
INC000000427412,13/08/2026 11:59,10,Service Desk Remote
INC000000427416,11/08/2026 08:10,10,Service Desk Remote
INC000000427427,14/08/2026 19:30,10,Service Desk VIP
INC000000427430,14/08/2026 17:50,10,Service Desk Remote
INC000000427432,20/08/2026 09:53,10,Service Desk L1
INC000000427436,07/08/2026 05:23,10,Service Desk Remote
INC000000427452,27/08/2026 02:50,10,Service Desk L1
INC000000427473,27/08/2026 13:39,10,Service Desk VIP
INC000000427487,05/08/2026 01:42,10,Service Desk Remote
INC000000427518,12/08/2026 07:47,10,Service Desk L1
INC000000427525,25/08/2026 08:26,10,Service Desk L1
INC000000427532,10/08/2026 00:00,10,Service Desk L1
